mode,affinity,rmsd_lb,rmsd_ub,filename
1,-9.3,0.0,0.0,CHEMBL247200.txt
2,-9.3,1.158,1.325,CHEMBL247200.txt
3,-9.2,3.321,5.542999999999999,CHEMBL247200.txt
4,-8.9,1.693,1.9509999999999998,CHEMBL247200.txt
5,-8.9,2.513,3.929,CHEMBL247200.txt
6,-8.7,2.583,3.72,CHEMBL247200.txt
7,-8.6,3.616,7.4670000000000005,CHEMBL247200.txt
8,-8.5,3.2289999999999996,4.808,CHEMBL247200.txt
9,-8.5,3.1660000000000004,4.4030000000000005,CHEMBL247200.txt
1,-9.5,0.0,0.0,CHEMBL245601.txt
2,-9.4,1.209,1.274,CHEMBL245601.txt
3,-9.1,1.88,2.785,CHEMBL245601.txt
4,-8.9,2.501,6.725,CHEMBL245601.txt
5,-8.9,1.476,5.343999999999999,CHEMBL245601.txt
6,-8.8,2.7680000000000002,7.062,CHEMBL245601.txt
7,-8.7,1.6340000000000001,5.239,CHEMBL245601.txt
8,-8.7,1.521,5.3870000000000005,CHEMBL245601.txt
9,-8.1,2.846,7.704,CHEMBL245601.txt
1,-9.0,0.0,0.0,CHEMBL242754.txt
2,-8.9,3.785,7.178,CHEMBL242754.txt
3,-8.9,3.238,6.726,CHEMBL242754.txt
4,-8.9,1.348,1.524,CHEMBL242754.txt
5,-8.8,3.708,7.093999999999999,CHEMBL242754.txt
6,-8.8,3.366,6.886,CHEMBL242754.txt
7,-8.6,3.1,6.513999999999999,CHEMBL242754.txt
8,-8.5,2.366,5.831,CHEMBL242754.txt
9,-8.4,4.052,6.803,CHEMBL242754.txt
1,-8.5,0.0,0.0,CHEMBL248720.txt
2,-8.2,3.609,8.741,CHEMBL248720.txt
3,-8.2,6.194,13.578,CHEMBL248720.txt
4,-7.9,25.105,28.146,CHEMBL248720.txt
5,-7.9,3.023,4.867,CHEMBL248720.txt
6,-7.7,3.737,6.428,CHEMBL248720.txt
7,-7.6,4.8069999999999995,6.593999999999999,CHEMBL248720.txt
8,-7.6,3.4210000000000003,5.656000000000001,CHEMBL248720.txt
9,-7.5,1.93,2.695,CHEMBL248720.txt
1,-9.7,0.0,0.0,CHEMBL249364.txt
2,-9.6,3.53,10.556,CHEMBL249364.txt
3,-9.5,2.1830000000000003,3.347,CHEMBL249364.txt
4,-9.4,2.6519999999999997,3.99,CHEMBL249364.txt
5,-9.1,3.408,4.905,CHEMBL249364.txt
6,-9.0,2.322,3.977,CHEMBL249364.txt
7,-8.9,3.266,4.607,CHEMBL249364.txt
8,-8.8,1.693,2.141,CHEMBL249364.txt
9,-8.7,7.836,13.217,CHEMBL249364.txt
1,-9.2,0.0,0.0,CHEMBL247611.txt
2,-9.0,0.888,1.083,CHEMBL247611.txt
3,-8.6,2.752,4.114,CHEMBL247611.txt
4,-8.4,3.022,4.379,CHEMBL247611.txt
5,-8.2,3.424,4.484,CHEMBL247611.txt
6,-8.2,6.6129999999999995,9.906,CHEMBL247611.txt
7,-8.2,3.0389999999999997,4.29,CHEMBL247611.txt
8,-8.2,2.7230000000000003,3.782,CHEMBL247611.txt
9,-8.1,2.862,3.995,CHEMBL247611.txt
1,-9.0,0.0,0.0,CHEMBL245600.txt
2,-9.0,2.108,3.522,CHEMBL245600.txt
3,-8.9,3.017,7.115,CHEMBL245600.txt
4,-8.8,2.585,6.15,CHEMBL245600.txt
5,-8.8,1.7530000000000001,2.142,CHEMBL245600.txt
6,-8.7,2.164,3.517,CHEMBL245600.txt
7,-8.7,1.8330000000000002,4.156000000000001,CHEMBL245600.txt
8,-8.7,3.0410000000000004,8.863999999999999,CHEMBL245600.txt
9,-8.6,2.85,3.978,CHEMBL245600.txt
1,-10.6,0.0,0.0,CHEMBL242184.txt
2,-10.4,1.101,1.614,CHEMBL242184.txt
3,-10.4,2.702,7.318,CHEMBL242184.txt
4,-10.3,1.01,1.187,CHEMBL242184.txt
5,-9.9,1.8630000000000002,2.955,CHEMBL242184.txt
6,-9.4,4.328,8.577,CHEMBL242184.txt
7,-9.3,3.7689999999999997,7.305,CHEMBL242184.txt
8,-9.2,3.4130000000000003,6.726,CHEMBL242184.txt
9,-9.2,4.3839999999999995,7.331,CHEMBL242184.txt
1,-8.3,0.0,0.0,CHEMBL247201.txt
2,-8.2,3.907,7.393,CHEMBL247201.txt
3,-8.0,3.906,7.818,CHEMBL247201.txt
4,-8.0,4.7780000000000005,8.155,CHEMBL247201.txt
5,-7.9,4.298,7.584,CHEMBL247201.txt
6,-7.9,4.284,6.584,CHEMBL247201.txt
7,-7.9,3.94,7.377000000000001,CHEMBL247201.txt
8,-7.8,4.279,8.46,CHEMBL247201.txt
9,-7.8,4.905,7.922000000000001,CHEMBL247201.txt
1,-8.5,0.0,0.0,CHEMBL249238.txt
2,-8.4,1.901,2.59,CHEMBL249238.txt
3,-8.3,2.154,3.8960000000000004,CHEMBL249238.txt
4,-8.3,2.258,4.019,CHEMBL249238.txt
5,-8.2,3.444,6.2620000000000005,CHEMBL249238.txt
6,-8.2,3.759,6.875,CHEMBL249238.txt
7,-8.2,2.6039999999999996,4.148,CHEMBL249238.txt
8,-8.1,1.548,2.168,CHEMBL249238.txt
9,-8.1,1.804,3.161,CHEMBL249238.txt
1,-9.8,0.0,0.0,CHEMBL248668.txt
2,-9.5,5.063,9.68,CHEMBL248668.txt
3,-8.4,6.688,9.327,CHEMBL248668.txt
4,-8.3,3.056,9.521,CHEMBL248668.txt
5,-8.1,1.909,2.549,CHEMBL248668.txt
6,-8.1,8.216000000000001,12.120999999999999,CHEMBL248668.txt
7,-8.0,7.172999999999999,10.99,CHEMBL248668.txt
8,-8.0,28.956999999999997,31.862,CHEMBL248668.txt
9,-8.0,3.029,4.852,CHEMBL248668.txt
1,-7.5,0.0,0.0,CHEMBL248871.txt
2,-7.3,2.353,3.3930000000000002,CHEMBL248871.txt
3,-7.2,3.233,7.877000000000001,CHEMBL248871.txt
4,-7.2,3.745,8.469,CHEMBL248871.txt
5,-7.0,2.685,4.399,CHEMBL248871.txt
6,-7.0,4.753,8.445,CHEMBL248871.txt
7,-6.9,5.688,9.397,CHEMBL248871.txt
8,-6.8,2.8510000000000004,7.739,CHEMBL248871.txt
9,-6.8,4.363,6.74,CHEMBL248871.txt
1,-9.0,0.0,0.0,CHEMBL243930.txt
2,-8.8,1.4569999999999999,2.9539999999999997,CHEMBL243930.txt
3,-8.4,1.515,1.909,CHEMBL243930.txt
4,-8.3,4.457,8.24,CHEMBL243930.txt
5,-8.3,3.7030000000000003,9.506,CHEMBL243930.txt
6,-8.3,1.9880000000000002,3.418,CHEMBL243930.txt
7,-8.2,1.9980000000000002,3.158,CHEMBL243930.txt
8,-8.0,2.819,8.732000000000001,CHEMBL243930.txt
9,-8.0,2.104,3.6489999999999996,CHEMBL243930.txt
1,-8.4,0.0,0.0,CHEMBL245602.txt
2,-8.4,1.411,2.0069999999999997,CHEMBL245602.txt
3,-8.3,3.5980000000000003,8.448,CHEMBL245602.txt
4,-8.0,2.695,4.172,CHEMBL245602.txt
5,-8.0,4.329,9.086,CHEMBL245602.txt
6,-8.0,3.3,5.0569999999999995,CHEMBL245602.txt
7,-7.8,2.7060000000000004,4.185,CHEMBL245602.txt
8,-7.8,2.09,3.1889999999999996,CHEMBL245602.txt
9,-7.7,3.241,4.774,CHEMBL245602.txt
1,-8.1,0.0,0.0,CHEMBL248911.txt
2,-7.9,0.988,1.327,CHEMBL248911.txt
3,-7.5,3.403,7.938,CHEMBL248911.txt
4,-7.5,3.593,7.955,CHEMBL248911.txt
5,-7.2,3.844,7.434,CHEMBL248911.txt
6,-7.2,3.3080000000000003,5.12,CHEMBL248911.txt
7,-7.1,3.8,7.192,CHEMBL248911.txt
8,-7.0,3.3160000000000003,7.457000000000001,CHEMBL248911.txt
9,-7.0,4.595,8.004,CHEMBL248911.txt
1,-9.1,0.0,0.0,CHEMBL249400.txt
2,-9.0,3.4960000000000004,9.493,CHEMBL249400.txt
3,-9.0,1.117,1.577,CHEMBL249400.txt
4,-9.0,1.383,2.365,CHEMBL249400.txt
5,-8.7,2.487,3.2739999999999996,CHEMBL249400.txt
6,-8.4,1.736,2.302,CHEMBL249400.txt
7,-8.4,1.385,1.93,CHEMBL249400.txt
8,-8.4,2.201,3.3280000000000003,CHEMBL249400.txt
9,-8.3,2.42,3.0380000000000003,CHEMBL249400.txt
1,-9.6,0.0,0.0,CHEMBL249429.txt
2,-9.5,1.645,2.7119999999999997,CHEMBL249429.txt
3,-9.5,3.687,9.464,CHEMBL249429.txt
4,-9.3,2.249,2.5069999999999997,CHEMBL249429.txt
5,-9.2,3.676,10.305,CHEMBL249429.txt
6,-9.1,2.65,3.8089999999999997,CHEMBL249429.txt
7,-9.0,6.108,10.457,CHEMBL249429.txt
8,-8.9,7.1,12.6,CHEMBL249429.txt
9,-8.8,2.315,3.332,CHEMBL249429.txt
1,-9.9,0.0,0.0,CHEMBL249401.txt
2,-9.7,3.466,9.565,CHEMBL249401.txt
3,-9.3,3.4739999999999998,8.661,CHEMBL249401.txt
4,-9.2,3.9789999999999996,10.24,CHEMBL249401.txt
5,-9.2,4.013,6.899,CHEMBL249401.txt
6,-8.9,3.4539999999999997,5.269,CHEMBL249401.txt
7,-8.9,4.234,6.946000000000001,CHEMBL249401.txt
8,-8.8,5.577000000000001,11.335,CHEMBL249401.txt
9,-8.8,4.119,10.055,CHEMBL249401.txt
1,-8.4,0.0,0.0,CHEMBL248910.txt
2,-8.0,3.2030000000000003,6.348,CHEMBL248910.txt
3,-7.7,3.307,7.442,CHEMBL248910.txt
4,-7.7,2.844,5.68,CHEMBL248910.txt
5,-7.5,3.1710000000000003,4.66,CHEMBL248910.txt
6,-7.5,3.6839999999999997,7.438,CHEMBL248910.txt
7,-7.4,3.502,5.68,CHEMBL248910.txt
8,-7.4,3.37,5.667999999999999,CHEMBL248910.txt
9,-7.3,2.852,5.178999999999999,CHEMBL248910.txt
1,-10.9,0.0,0.0,CHEMBL247821.txt
2,-10.8,3.361,4.973,CHEMBL247821.txt
3,-10.6,1.455,1.837,CHEMBL247821.txt
4,-10.6,3.4019999999999997,5.377000000000001,CHEMBL247821.txt
5,-10.6,3.377,5.996,CHEMBL247821.txt
6,-10.5,1.41,1.824,CHEMBL247821.txt
7,-10.4,1.758,3.7439999999999998,CHEMBL247821.txt
8,-10.4,1.474,1.992,CHEMBL247821.txt
9,-10.0,1.739,2.21,CHEMBL247821.txt
1,-10.4,0.0,0.0,CHEMBL245603.txt
2,-9.6,3.3,5.189,CHEMBL245603.txt
3,-9.6,1.416,2.015,CHEMBL245603.txt
4,-9.6,3.253,4.955,CHEMBL245603.txt
5,-9.4,18.487000000000002,22.092,CHEMBL245603.txt
6,-9.2,1.771,2.6630000000000003,CHEMBL245603.txt
7,-9.1,1.595,2.269,CHEMBL245603.txt
8,-9.1,2.7510000000000003,4.393,CHEMBL245603.txt
9,-9.1,4.6,10.811,CHEMBL245603.txt
1,-9.2,0.0,0.0,CHEMBL243500.txt
2,-9.2,1.649,2.309,CHEMBL243500.txt
3,-8.8,3.242,6.4910000000000005,CHEMBL243500.txt
4,-8.8,1.413,2.1630000000000003,CHEMBL243500.txt
5,-8.8,3.063,5.784,CHEMBL243500.txt
6,-8.7,2.99,6.068,CHEMBL243500.txt
7,-8.7,3.1310000000000002,6.7139999999999995,CHEMBL243500.txt
8,-8.7,3.647,7.693,CHEMBL243500.txt
9,-8.6,3.367,8.283,CHEMBL243500.txt
1,-8.8,0.0,0.0,CHEMBL247028.txt
2,-8.7,1.311,1.5490000000000002,CHEMBL247028.txt
3,-8.6,2.324,3.6510000000000002,CHEMBL247028.txt
4,-8.5,3.267,4.17,CHEMBL247028.txt
5,-8.5,6.8839999999999995,10.234,CHEMBL247028.txt
6,-8.4,1.8559999999999999,2.23,CHEMBL247028.txt
7,-8.4,7.702999999999999,10.431,CHEMBL247028.txt
8,-8.4,2.249,3.176,CHEMBL247028.txt
9,-8.4,7.648,10.324000000000002,CHEMBL247028.txt
1,-8.5,0.0,0.0,CHEMBL240747.txt
2,-8.2,3.7030000000000003,6.146,CHEMBL240747.txt
3,-8.1,4.363,6.696000000000001,CHEMBL240747.txt
4,-8.1,2.064,4.1339999999999995,CHEMBL240747.txt
5,-8.0,3.832,5.84,CHEMBL240747.txt
6,-7.9,3.485,4.982,CHEMBL240747.txt
7,-7.9,4.253,6.419,CHEMBL240747.txt
8,-7.9,3.839,9.07,CHEMBL240747.txt
9,-7.8,1.824,10.112,CHEMBL240747.txt
1,-7.0,0.0,0.0,CHEMBL245401.txt
2,-6.9,2.312,3.446,CHEMBL245401.txt
3,-6.8,14.265,15.33,CHEMBL245401.txt
4,-6.7,1.704,2.354,CHEMBL245401.txt
5,-6.7,1.318,5.012,CHEMBL245401.txt
6,-6.7,2.395,4.062,CHEMBL245401.txt
7,-6.6,2.725,5.742999999999999,CHEMBL245401.txt
8,-6.6,2.628,4.958,CHEMBL245401.txt
9,-6.6,4.265,7.295,CHEMBL245401.txt
1,-8.5,0.0,0.0,CHEMBL248680.txt
2,-7.8,1.5030000000000001,2.2319999999999998,CHEMBL248680.txt
3,-7.6,3.306,7.105,CHEMBL248680.txt
4,-7.4,3.278,6.917999999999999,CHEMBL248680.txt
5,-7.3,2.7910000000000004,4.638,CHEMBL248680.txt
6,-7.0,3.3760000000000003,7.025,CHEMBL248680.txt
7,-6.8,3.61,6.107,CHEMBL248680.txt
8,-6.8,18.47,20.853,CHEMBL248680.txt
9,-6.8,10.097999999999999,13.311,CHEMBL248680.txt
1,-8.0,0.0,0.0,CHEMBL243931.txt
2,-8.0,3.431,8.341000000000001,CHEMBL243931.txt
3,-7.8,2.408,4.4430000000000005,CHEMBL243931.txt
4,-7.8,3.333,6.117000000000001,CHEMBL243931.txt
5,-7.7,1.676,3.158,CHEMBL243931.txt
6,-7.7,2.7769999999999997,4.524,CHEMBL243931.txt
7,-7.6,2.73,5.374,CHEMBL243931.txt
8,-7.5,2.464,4.404,CHEMBL243931.txt
9,-7.4,4.753,9.031,CHEMBL243931.txt
1,-8.6,0.0,0.0,CHEMBL248870.txt
2,-8.5,4.016,8.837,CHEMBL248870.txt
3,-8.1,4.64,9.477,CHEMBL248870.txt
4,-8.0,2.141,4.204,CHEMBL248870.txt
5,-8.0,3.56,4.789,CHEMBL248870.txt
6,-8.0,3.22,9.291,CHEMBL248870.txt
7,-8.0,3.677,10.18,CHEMBL248870.txt
8,-7.9,4.667,10.365,CHEMBL248870.txt
9,-7.9,4.327,9.732999999999999,CHEMBL248870.txt
1,-10.8,0.0,0.0,CHEMBL2420922.txt
2,-10.7,2.464,5.476,CHEMBL2420922.txt
3,-10.3,2.426,6.816,CHEMBL2420922.txt
4,-10.0,2.498,4.058,CHEMBL2420922.txt
5,-10.0,2.569,5.569,CHEMBL2420922.txt
6,-9.8,0.937,1.051,CHEMBL2420922.txt
7,-9.6,3.225,5.706,CHEMBL2420922.txt
8,-9.5,2.2680000000000002,5.247999999999999,CHEMBL2420922.txt
9,-9.4,2.082,4.909,CHEMBL2420922.txt
1,-8.6,0.0,0.0,CHEMBL249834.txt
2,-8.3,4.328,7.51,CHEMBL249834.txt
3,-8.2,4.823,8.491,CHEMBL249834.txt
4,-8.2,4.798,8.39,CHEMBL249834.txt
5,-8.2,4.423,7.692,CHEMBL249834.txt
6,-7.9,2.985,4.587,CHEMBL249834.txt
7,-7.8,3.016,4.763999999999999,CHEMBL249834.txt
8,-7.7,4.928999999999999,8.625,CHEMBL249834.txt
9,-7.7,2.265,4.811,CHEMBL249834.txt
1,-10.0,0.0,0.0,CHEMBL242949.txt
2,-9.9,0.8140000000000001,1.12,CHEMBL242949.txt
3,-9.8,1.5219999999999998,2.344,CHEMBL242949.txt
4,-9.5,1.3940000000000001,1.98,CHEMBL242949.txt
5,-9.4,2.824,10.425999999999998,CHEMBL242949.txt
6,-9.4,1.655,11.054,CHEMBL242949.txt
7,-9.3,2.376,11.140999999999998,CHEMBL242949.txt
8,-9.2,3.728,10.514000000000001,CHEMBL242949.txt
9,-9.0,1.926,10.469000000000001,CHEMBL242949.txt
1,-10.2,0.0,0.0,CHEMBL247825.txt
2,-9.9,3.241,5.195,CHEMBL247825.txt
3,-9.8,1.6119999999999999,1.983,CHEMBL247825.txt
4,-9.8,4.181,6.869,CHEMBL247825.txt
5,-9.8,2.7710000000000004,8.561,CHEMBL247825.txt
6,-9.7,3.787,6.439,CHEMBL247825.txt
7,-9.7,3.237,6.309,CHEMBL247825.txt
8,-9.5,3.2039999999999997,6.398,CHEMBL247825.txt
9,-9.5,3.281,8.142000000000001,CHEMBL247825.txt
1,-9.2,0.0,0.0,CHEMBL249363.txt
2,-9.1,2.793,9.544,CHEMBL249363.txt
3,-8.9,0.871,1.318,CHEMBL249363.txt
4,-8.9,1.266,2.1319999999999997,CHEMBL249363.txt
5,-8.7,1.5290000000000001,2.5869999999999997,CHEMBL249363.txt
6,-8.7,2.441,4.178,CHEMBL249363.txt
7,-8.6,2.128,3.775,CHEMBL249363.txt
8,-8.5,1.6969999999999998,2.117,CHEMBL249363.txt
9,-8.2,2.3569999999999998,8.757,CHEMBL249363.txt
1,-10.2,0.0,0.0,CHEMBL242237.txt
2,-9.9,2.827,7.506,CHEMBL242237.txt
3,-9.5,2.975,7.624,CHEMBL242237.txt
4,-9.2,3.235,6.426,CHEMBL242237.txt
5,-9.1,3.279,6.476,CHEMBL242237.txt
6,-9.1,3.32,6.739,CHEMBL242237.txt
7,-9.1,3.495,8.34,CHEMBL242237.txt
8,-8.9,3.7460000000000004,6.979,CHEMBL242237.txt
9,-8.9,2.9619999999999997,6.513,CHEMBL242237.txt
1,-9.5,0.0,0.0,CHEMBL248040.txt
2,-8.9,1.916,2.537,CHEMBL248040.txt
3,-8.5,3.014,6.44,CHEMBL248040.txt
4,-8.5,4.934,8.887,CHEMBL248040.txt
5,-8.0,3.469,5.582999999999999,CHEMBL248040.txt
6,-7.9,3.1310000000000002,5.736000000000001,CHEMBL248040.txt
7,-7.8,3.736,5.4270000000000005,CHEMBL248040.txt
8,-7.8,4.045,5.575,CHEMBL248040.txt
9,-7.8,4.401,6.702999999999999,CHEMBL248040.txt
1,-8.6,0.0,0.0,CHEMBL242753.txt
2,-8.5,1.8730000000000002,2.991,CHEMBL242753.txt
3,-8.5,2.872,4.237,CHEMBL242753.txt
4,-8.5,2.293,3.545,CHEMBL242753.txt
5,-8.4,1.791,2.6919999999999997,CHEMBL242753.txt
6,-8.4,1.777,2.549,CHEMBL242753.txt
7,-8.3,2.513,8.663,CHEMBL242753.txt
8,-8.3,1.5419999999999998,2.144,CHEMBL242753.txt
9,-8.2,3.839,6.537000000000001,CHEMBL242753.txt
1,-10.7,0.0,0.0,CHEMBL247824.txt
2,-10.6,2.7710000000000004,5.935,CHEMBL247824.txt
3,-10.5,3.2969999999999997,5.37,CHEMBL247824.txt
4,-10.4,1.268,1.339,CHEMBL247824.txt
5,-10.2,2.458,4.303999999999999,CHEMBL247824.txt
6,-10.2,3.9739999999999998,6.7379999999999995,CHEMBL247824.txt
7,-10.1,2.38,4.1339999999999995,CHEMBL247824.txt
8,-10.1,2.504,4.967,CHEMBL247824.txt
9,-10.1,2.773,4.525,CHEMBL247824.txt
1,-9.9,0.0,0.0,CHEMBL243934.txt
2,-9.9,3.542,9.259,CHEMBL243934.txt
3,-9.8,1.706,2.415,CHEMBL243934.txt
4,-9.7,1.237,1.84,CHEMBL243934.txt
5,-9.6,2.7969999999999997,8.652000000000001,CHEMBL243934.txt
6,-9.6,3.548,9.43,CHEMBL243934.txt
7,-9.1,3.613,6.178999999999999,CHEMBL243934.txt
8,-9.1,3.35,9.389,CHEMBL243934.txt
9,-9.1,2.548,5.433,CHEMBL243934.txt
1,-6.8,0.0,0.0,CHEMBL243088.txt
2,-6.6,3.908,6.08,CHEMBL243088.txt
3,-6.6,2.205,3.96,CHEMBL243088.txt
4,-6.6,1.806,2.7060000000000004,CHEMBL243088.txt
5,-6.5,1.89,3.327,CHEMBL243088.txt
6,-6.5,1.335,2.92,CHEMBL243088.txt
7,-6.5,2.3680000000000003,4.313,CHEMBL243088.txt
8,-6.5,13.669,15.907,CHEMBL243088.txt
9,-6.4,1.949,3.532,CHEMBL243088.txt
1,-9.7,0.0,0.0,CHEMBL247588.txt
2,-9.5,2.244,5.206,CHEMBL247588.txt
3,-9.4,1.8119999999999998,2.383,CHEMBL247588.txt
4,-9.2,1.4469999999999998,2.008,CHEMBL247588.txt
5,-9.1,2.8280000000000003,4.7139999999999995,CHEMBL247588.txt
6,-9.0,3.627,5.334,CHEMBL247588.txt
7,-9.0,3.464,5.231,CHEMBL247588.txt
8,-9.0,5.355,8.711,CHEMBL247588.txt
9,-8.9,3.215,4.996,CHEMBL247588.txt
1,-11.2,0.0,0.0,CHEMBL2420909.txt
2,-11.0,1.778,4.476,CHEMBL2420909.txt
3,-10.7,1.7619999999999998,2.867,CHEMBL2420909.txt
4,-10.7,1.8419999999999999,6.561,CHEMBL2420909.txt
5,-10.3,2.008,6.922999999999999,CHEMBL2420909.txt
6,-10.3,2.0069999999999997,7.026,CHEMBL2420909.txt
7,-10.2,1.6469999999999998,5.707999999999999,CHEMBL2420909.txt
8,-10.1,3.095,7.186,CHEMBL2420909.txt
9,-10.1,1.6740000000000002,6.388,CHEMBL2420909.txt
1,-8.3,0.0,0.0,CHEMBL245604.txt
2,-8.2,26.622,29.761,CHEMBL245604.txt
3,-8.1,1.084,1.456,CHEMBL245604.txt
4,-7.9,2.206,3.592,CHEMBL245604.txt
5,-7.9,14.695,18.704,CHEMBL245604.txt
6,-7.9,28.145,30.968000000000004,CHEMBL245604.txt
7,-7.8,15.003,18.815,CHEMBL245604.txt
8,-7.8,1.3459999999999999,1.834,CHEMBL245604.txt
9,-7.7,2.6639999999999997,6.02,CHEMBL245604.txt
1,-7.9,0.0,0.0,CHEMBL249764.txt
2,-7.9,2.775,7.523,CHEMBL249764.txt
3,-7.9,2.622,6.402,CHEMBL249764.txt
4,-7.8,3.133,6.358,CHEMBL249764.txt
5,-7.8,1.7309999999999999,2.739,CHEMBL249764.txt
6,-7.8,2.116,6.3260000000000005,CHEMBL249764.txt
7,-7.6,3.235,6.156000000000001,CHEMBL249764.txt
8,-7.6,3.2119999999999997,5.56,CHEMBL249764.txt
9,-7.6,3.27,6.069,CHEMBL249764.txt
1,-8.9,0.0,0.0,CHEMBL247826.txt
2,-8.9,2.279,2.944,CHEMBL247826.txt
3,-8.7,4.282,8.98,CHEMBL247826.txt
4,-8.7,3.932,8.95,CHEMBL247826.txt
5,-8.6,4.156000000000001,9.286,CHEMBL247826.txt
6,-8.6,2.8489999999999998,3.787,CHEMBL247826.txt
7,-8.6,2.839,4.438,CHEMBL247826.txt
8,-8.6,4.543,6.178,CHEMBL247826.txt
9,-8.6,5.731,8.05,CHEMBL247826.txt
1,-9.3,0.0,0.0,CHEMBL249610.txt
2,-9.2,2.112,4.129,CHEMBL249610.txt
3,-9.0,3.0980000000000003,8.216000000000001,CHEMBL249610.txt
4,-9.0,2.864,7.1979999999999995,CHEMBL249610.txt
5,-9.0,2.026,4.023,CHEMBL249610.txt
6,-8.9,2.295,6.6770000000000005,CHEMBL249610.txt
7,-8.8,1.3030000000000002,1.611,CHEMBL249610.txt
8,-8.7,2.75,4.902,CHEMBL249610.txt
9,-8.7,2.355,6.847,CHEMBL249610.txt
1,-9.5,0.0,0.0,CHEMBL248719.txt
2,-9.5,1.46,2.074,CHEMBL248719.txt
3,-9.1,24.88,27.874000000000002,CHEMBL248719.txt
4,-9.0,2.5069999999999997,5.072,CHEMBL248719.txt
5,-8.9,8.747,15.013,CHEMBL248719.txt
6,-8.8,2.6460000000000004,4.854,CHEMBL248719.txt
7,-8.8,2.932,4.418,CHEMBL248719.txt
8,-8.8,4.454,7.542999999999999,CHEMBL248719.txt
9,-8.7,1.575,2.294,CHEMBL248719.txt
1,-9.0,0.0,0.0,CHEMBL249177.txt
2,-9.0,2.487,4.388,CHEMBL249177.txt
3,-8.6,3.236,4.865,CHEMBL249177.txt
4,-8.6,2.051,4.449,CHEMBL249177.txt
5,-8.3,3.2110000000000003,5.662000000000001,CHEMBL249177.txt
6,-8.2,3.201,5.27,CHEMBL249177.txt
7,-8.2,3.0069999999999997,5.24,CHEMBL249177.txt
8,-8.2,2.208,2.909,CHEMBL249177.txt
9,-8.2,3.301,6.056,CHEMBL249177.txt
1,-8.9,0.0,0.0,CHEMBL243499.txt
2,-8.8,0.986,1.683,CHEMBL243499.txt
3,-8.7,1.335,2.386,CHEMBL243499.txt
4,-8.7,1.278,1.7819999999999998,CHEMBL243499.txt
5,-8.7,1.357,2.2119999999999997,CHEMBL243499.txt
6,-8.6,1.6280000000000001,1.876,CHEMBL243499.txt
7,-8.5,1.64,2.6689999999999996,CHEMBL243499.txt
8,-8.5,5.048,5.76,CHEMBL243499.txt
9,-8.5,25.201999999999998,26.57,CHEMBL243499.txt
1,-6.9,0.0,0.0,CHEMBL247827.txt
2,-6.5,2.444,4.8839999999999995,CHEMBL247827.txt
3,-6.5,2.96,3.761,CHEMBL247827.txt
4,-6.5,3.924,7.309,CHEMBL247827.txt
5,-6.5,2.2969999999999997,5.12,CHEMBL247827.txt
6,-6.4,2.733,4.489,CHEMBL247827.txt
7,-6.4,4.397,5.5920000000000005,CHEMBL247827.txt
8,-6.3,3.7880000000000003,4.877,CHEMBL247827.txt
9,-6.3,3.048,5.68,CHEMBL247827.txt
1,-9.5,0.0,0.0,CHEMBL247199.txt
2,-9.5,1.732,2.7230000000000003,CHEMBL247199.txt
3,-8.8,2.101,3.3,CHEMBL247199.txt
4,-8.6,6.0,10.609000000000002,CHEMBL247199.txt
5,-8.4,6.013999999999999,10.245,CHEMBL247199.txt
6,-8.3,5.973,9.809,CHEMBL247199.txt
7,-8.3,4.387,8.891,CHEMBL247199.txt
8,-8.2,4.724,9.706,CHEMBL247199.txt
9,-8.2,1.392,2.209,CHEMBL247199.txt
1,-7.8,0.0,0.0,CHEMBL249765.txt
2,-7.5,2.262,5.874,CHEMBL249765.txt
3,-7.4,1.8940000000000001,2.9760000000000004,CHEMBL249765.txt
4,-7.3,1.469,6.269,CHEMBL249765.txt
5,-7.3,2.252,4.28,CHEMBL249765.txt
6,-7.2,2.189,6.2620000000000005,CHEMBL249765.txt
7,-7.2,1.5859999999999999,2.167,CHEMBL249765.txt
8,-7.1,1.187,1.607,CHEMBL249765.txt
9,-7.1,1.66,5.992000000000001,CHEMBL249765.txt
1,-9.1,0.0,0.0,CHEMBL245605.txt
2,-8.4,4.11,6.162999999999999,CHEMBL245605.txt
3,-8.3,3.478,5.038,CHEMBL245605.txt
4,-8.1,4.195,5.346,CHEMBL245605.txt
5,-8.0,1.5330000000000001,1.751,CHEMBL245605.txt
6,-7.8,4.556,6.369,CHEMBL245605.txt
7,-7.7,7.034,10.491,CHEMBL245605.txt
8,-7.6,4.459,5.832000000000001,CHEMBL245605.txt
9,-7.6,4.466,7.417000000000001,CHEMBL245605.txt
1,-9.8,0.0,0.0,CHEMBL248193.txt
2,-9.1,2.736,4.665,CHEMBL248193.txt
3,-8.9,7.535,11.007,CHEMBL248193.txt
4,-8.7,1.537,1.909,CHEMBL248193.txt
5,-8.6,3.5869999999999997,7.226,CHEMBL248193.txt
6,-8.6,4.292,7.444,CHEMBL248193.txt
7,-8.5,3.695,6.507999999999999,CHEMBL248193.txt
8,-8.4,25.237,28.304000000000002,CHEMBL248193.txt
9,-8.2,7.485,11.318,CHEMBL248193.txt
1,-6.9,0.0,0.0,CHEMBL244756.txt
2,-6.7,3.056,5.484,CHEMBL244756.txt
3,-6.6,3.944,5.255,CHEMBL244756.txt
4,-6.6,3.14,4.834,CHEMBL244756.txt
5,-6.5,0.846,2.841,CHEMBL244756.txt
6,-6.5,3.31,4.76,CHEMBL244756.txt
7,-6.5,2.8280000000000003,4.587,CHEMBL244756.txt
8,-6.5,1.795,2.544,CHEMBL244756.txt
9,-6.5,1.8940000000000001,3.315,CHEMBL244756.txt
1,-9.1,0.0,0.0,CHEMBL243398.txt
2,-8.6,2.654,8.264,CHEMBL243398.txt
3,-8.6,1.318,2.36,CHEMBL243398.txt
4,-8.5,2.1830000000000003,7.997000000000001,CHEMBL243398.txt
5,-8.5,2.369,8.32,CHEMBL243398.txt
6,-8.3,2.344,6.9510000000000005,CHEMBL243398.txt
7,-8.3,2.544,5.997000000000001,CHEMBL243398.txt
8,-8.3,2.946,6.667000000000001,CHEMBL243398.txt
9,-8.3,1.7009999999999998,3.9530000000000003,CHEMBL243398.txt
1,-8.9,0.0,0.0,CHEMBL242737.txt
2,-8.9,4.566,11.841,CHEMBL242737.txt
3,-8.8,1.525,1.8459999999999999,CHEMBL242737.txt
4,-8.8,4.53,11.602,CHEMBL242737.txt
5,-8.7,5.792000000000001,13.13,CHEMBL242737.txt
6,-8.6,4.792,11.454,CHEMBL242737.txt
7,-8.6,1.692,2.7089999999999996,CHEMBL242737.txt
8,-8.5,2.716,3.947,CHEMBL242737.txt
9,-8.5,1.615,2.673,CHEMBL242737.txt
1,-9.6,0.0,0.0,CHEMBL248554.txt
2,-8.6,2.059,2.575,CHEMBL248554.txt
3,-8.5,25.009,27.555999999999997,CHEMBL248554.txt
4,-8.2,3.609,8.609,CHEMBL248554.txt
5,-8.2,2.932,3.969,CHEMBL248554.txt
6,-7.9,9.267000000000001,11.72,CHEMBL248554.txt
7,-7.9,3.588,8.527999999999999,CHEMBL248554.txt
8,-7.9,3.111,4.756,CHEMBL248554.txt
9,-7.9,7.486000000000001,10.43,CHEMBL248554.txt
1,-8.4,0.0,0.0,CHEMBL243818.txt
2,-8.4,3.1919999999999997,6.965,CHEMBL243818.txt
3,-8.4,3.197,6.912000000000001,CHEMBL243818.txt
4,-8.4,3.161,6.757999999999999,CHEMBL243818.txt
5,-8.3,2.138,3.4019999999999997,CHEMBL243818.txt
6,-8.1,3.487,7.827000000000001,CHEMBL243818.txt
7,-8.1,2.886,6.652,CHEMBL243818.txt
8,-8.0,3.002,6.4239999999999995,CHEMBL243818.txt
9,-8.0,3.032,6.391,CHEMBL243818.txt
1,-11.5,0.0,0.0,CHEMBL242521.txt
2,-11.1,3.665,5.289,CHEMBL242521.txt
3,-11.0,2.873,5.12,CHEMBL242521.txt
4,-10.9,2.806,4.908,CHEMBL242521.txt
5,-10.6,2.391,4.1339999999999995,CHEMBL242521.txt
6,-10.4,2.294,7.936,CHEMBL242521.txt
7,-10.4,3.0789999999999997,5.632000000000001,CHEMBL242521.txt
8,-10.4,2.333,8.264,CHEMBL242521.txt
9,-10.1,2.465,8.499,CHEMBL242521.txt
1,-9.4,0.0,0.0,CHEMBL247459.txt
2,-9.1,2.39,5.34,CHEMBL247459.txt
3,-8.9,1.17,1.435,CHEMBL247459.txt
4,-8.7,1.014,1.3659999999999999,CHEMBL247459.txt
5,-8.4,1.946,2.42,CHEMBL247459.txt
6,-8.3,3.156,4.081,CHEMBL247459.txt
7,-8.3,2.509,3.1069999999999998,CHEMBL247459.txt
8,-8.3,2.739,3.713,CHEMBL247459.txt
9,-8.2,2.519,3.5610000000000004,CHEMBL247459.txt
1,-10.4,0.0,0.0,CHEMBL242535.txt
2,-9.2,3.053,6.566,CHEMBL242535.txt
3,-9.0,1.464,2.095,CHEMBL242535.txt
4,-8.9,3.36,6.6339999999999995,CHEMBL242535.txt
5,-8.8,2.998,7.364,CHEMBL242535.txt
6,-8.5,2.7310000000000003,7.127999999999999,CHEMBL242535.txt
7,-8.5,2.963,7.081,CHEMBL242535.txt
8,-8.4,4.888,8.967,CHEMBL242535.txt
9,-8.4,3.181,6.688,CHEMBL242535.txt
1,-8.3,0.0,0.0,CHEMBL248756.txt
2,-7.9,2.9530000000000003,5.245,CHEMBL248756.txt
3,-7.8,2.294,4.342,CHEMBL248756.txt
4,-7.7,3.142,5.255,CHEMBL248756.txt
5,-7.7,5.162000000000001,7.195,CHEMBL248756.txt
6,-7.7,2.818,4.99,CHEMBL248756.txt
7,-7.7,4.375,6.53,CHEMBL248756.txt
8,-7.7,4.187,7.3229999999999995,CHEMBL248756.txt
9,-7.6,2.333,5.0489999999999995,CHEMBL248756.txt
1,-8.3,0.0,0.0,CHEMBL248757.txt
2,-8.2,2.8789999999999996,5.092,CHEMBL248757.txt
3,-8.0,3.0780000000000003,5.272,CHEMBL248757.txt
4,-8.0,2.6430000000000002,4.776,CHEMBL248757.txt
5,-8.0,2.2569999999999997,4.301,CHEMBL248757.txt
6,-7.9,2.636,4.815,CHEMBL248757.txt
7,-7.8,4.57,6.922999999999999,CHEMBL248757.txt
8,-7.8,4.934,6.843,CHEMBL248757.txt
9,-7.8,3.1630000000000003,5.434,CHEMBL248757.txt
1,-8.6,0.0,0.0,CHEMBL243819.txt
2,-8.6,1.922,2.903,CHEMBL243819.txt
3,-8.5,2.142,3.1210000000000004,CHEMBL243819.txt
4,-8.5,1.022,1.739,CHEMBL243819.txt
5,-8.4,3.5180000000000002,8.673,CHEMBL243819.txt
6,-8.2,2.03,2.9,CHEMBL243819.txt
7,-8.2,4.0169999999999995,9.578,CHEMBL243819.txt
8,-8.2,2.842,4.002,CHEMBL243819.txt
9,-8.1,3.681,7.773,CHEMBL243819.txt
1,-8.7,0.0,0.0,CHEMBL248555.txt
2,-8.4,2.7110000000000003,9.829,CHEMBL248555.txt
3,-8.4,2.185,3.64,CHEMBL248555.txt
4,-8.4,1.663,2.877,CHEMBL248555.txt
5,-8.3,2.6310000000000002,9.925,CHEMBL248555.txt
6,-8.2,2.903,10.762,CHEMBL248555.txt
7,-8.1,2.8,10.525,CHEMBL248555.txt
8,-8.0,2.491,3.9960000000000004,CHEMBL248555.txt
9,-8.0,2.093,2.6069999999999998,CHEMBL248555.txt
1,-8.3,0.0,0.0,CHEMBL242736.txt
2,-8.3,3.9130000000000003,9.512,CHEMBL242736.txt
3,-8.2,0.9359999999999999,2.206,CHEMBL242736.txt
4,-8.0,3.782,5.79,CHEMBL242736.txt
5,-8.0,4.9,9.402000000000001,CHEMBL242736.txt
6,-7.9,15.724,17.835,CHEMBL242736.txt
7,-7.8,4.555,8.443999999999999,CHEMBL242736.txt
8,-7.7,5.022,9.816,CHEMBL242736.txt
9,-7.7,3.693,5.973,CHEMBL242736.txt
1,-8.4,0.0,0.0,CHEMBL244353.txt
2,-8.2,1.431,2.866,CHEMBL244353.txt
3,-8.1,2.392,3.844,CHEMBL244353.txt
4,-7.9,1.886,3.0010000000000003,CHEMBL244353.txt
5,-7.8,2.269,3.972,CHEMBL244353.txt
6,-7.8,3.608,5.977,CHEMBL244353.txt
7,-7.8,1.6569999999999998,3.176,CHEMBL244353.txt
8,-7.7,2.813,8.28,CHEMBL244353.txt
9,-7.7,3.284,8.448,CHEMBL244353.txt
1,-9.3,0.0,0.0,CHEMBL243399.txt
2,-9.1,1.239,1.547,CHEMBL243399.txt
3,-8.8,1.298,2.153,CHEMBL243399.txt
4,-8.5,3.248,7.3839999999999995,CHEMBL243399.txt
5,-8.5,3.219,4.342,CHEMBL243399.txt
6,-8.4,3.072,6.854,CHEMBL243399.txt
7,-8.4,3.0660000000000003,5.995,CHEMBL243399.txt
8,-8.3,3.4410000000000003,6.629,CHEMBL243399.txt
9,-8.3,2.483,7.7379999999999995,CHEMBL243399.txt
1,-9.0,0.0,0.0,CHEMBL248190.txt
2,-8.8,24.918000000000003,27.531999999999996,CHEMBL248190.txt
3,-8.7,25.969,28.525,CHEMBL248190.txt
4,-8.4,25.586,28.026,CHEMBL248190.txt
5,-8.1,30.730999999999998,33.001,CHEMBL248190.txt
6,-7.8,25.371,26.846999999999998,CHEMBL248190.txt
7,-7.7,26.689,29.281999999999996,CHEMBL248190.txt
8,-7.6,26.326,28.775,CHEMBL248190.txt
9,-7.5,27.781,29.593000000000004,CHEMBL248190.txt
1,-10.2,0.0,0.0,CHEMBL242324.txt
2,-10.1,2.324,7.053,CHEMBL242324.txt
3,-9.9,2.36,7.077000000000001,CHEMBL242324.txt
4,-9.5,3.4330000000000003,7.928999999999999,CHEMBL242324.txt
5,-9.4,3.5060000000000002,7.236000000000001,CHEMBL242324.txt
6,-9.2,3.2689999999999997,7.281000000000001,CHEMBL242324.txt
7,-9.0,3.9219999999999997,7.058,CHEMBL242324.txt
8,-8.8,3.426,7.593,CHEMBL242324.txt
9,-8.2,3.136,6.436,CHEMBL242324.txt
1,-8.2,0.0,0.0,CHEMBL244231.txt
2,-7.9,1.4769999999999999,1.551,CHEMBL244231.txt
3,-7.8,2.454,5.934,CHEMBL244231.txt
4,-7.5,3.3169999999999997,6.194,CHEMBL244231.txt
5,-7.5,2.166,2.8819999999999997,CHEMBL244231.txt
6,-7.4,2.214,5.724,CHEMBL244231.txt
7,-7.2,2.365,5.926,CHEMBL244231.txt
8,-7.2,2.391,5.632000000000001,CHEMBL244231.txt
9,-7.1,3.344,7.08,CHEMBL244231.txt
1,-8.8,0.0,0.0,CHEMBL248225.txt
2,-8.5,3.641,7.119,CHEMBL248225.txt
3,-8.3,1.936,2.471,CHEMBL248225.txt
4,-7.9,1.6540000000000001,1.871,CHEMBL248225.txt
5,-7.7,3.6460000000000004,5.827000000000001,CHEMBL248225.txt
6,-7.6,5.242999999999999,8.392000000000001,CHEMBL248225.txt
7,-7.5,7.9479999999999995,10.849,CHEMBL248225.txt
8,-7.5,3.656,8.331,CHEMBL248225.txt
9,-7.4,1.982,2.766,CHEMBL248225.txt
1,-8.1,0.0,0.0,CHEMBL242536.txt
2,-7.9,1.83,2.872,CHEMBL242536.txt
3,-7.7,2.057,4.649,CHEMBL242536.txt
4,-7.6,1.057,1.187,CHEMBL242536.txt
5,-7.5,2.1180000000000003,4.738,CHEMBL242536.txt
6,-7.5,2.325,5.444,CHEMBL242536.txt
7,-7.4,2.8480000000000003,4.64,CHEMBL242536.txt
8,-7.4,2.8280000000000003,4.8580000000000005,CHEMBL242536.txt
9,-7.3,2.283,3.7760000000000002,CHEMBL242536.txt
1,-7.6,0.0,0.0,CHEMBL242522.txt
2,-7.5,16.506,18.101,CHEMBL242522.txt
3,-7.4,16.002,17.421,CHEMBL242522.txt
4,-7.4,15.741,17.349,CHEMBL242522.txt
5,-7.3,2.855,5.716,CHEMBL242522.txt
6,-7.2,16.695,18.146,CHEMBL242522.txt
7,-7.2,2.7460000000000004,5.517,CHEMBL242522.txt
8,-7.2,15.469000000000001,17.104,CHEMBL242522.txt
9,-7.1,16.622,18.064,CHEMBL242522.txt
1,-7.9,0.0,0.0,CHEMBL248755.txt
2,-7.5,2.6239999999999997,7.119,CHEMBL248755.txt
3,-7.4,2.968,7.779,CHEMBL248755.txt
4,-7.4,2.131,2.841,CHEMBL248755.txt
5,-7.4,3.4989999999999997,8.373,CHEMBL248755.txt
6,-7.2,1.2930000000000001,1.6880000000000002,CHEMBL248755.txt
7,-7.2,2.73,7.1339999999999995,CHEMBL248755.txt
8,-7.2,3.355,5.803,CHEMBL248755.txt
9,-7.1,2.833,7.733,CHEMBL248755.txt
1,-10.2,0.0,0.0,CHEMBL242523.txt
2,-9.9,0.67,1.594,CHEMBL242523.txt
3,-9.8,2.193,3.835,CHEMBL242523.txt
4,-9.7,1.945,3.736,CHEMBL242523.txt
5,-9.6,2.046,3.57,CHEMBL242523.txt
6,-8.8,4.805,9.156,CHEMBL242523.txt
7,-8.8,3.4210000000000003,8.439,CHEMBL242523.txt
8,-8.6,2.8560000000000003,7.733,CHEMBL242523.txt
9,-8.4,1.5430000000000001,7.031000000000001,CHEMBL242523.txt
1,-10.2,0.0,0.0,CHEMBL242537.txt
2,-10.0,2.0,3.2119999999999997,CHEMBL242537.txt
3,-9.8,1.6980000000000002,2.106,CHEMBL242537.txt
4,-9.7,1.885,3.37,CHEMBL242537.txt
5,-9.6,3.1060000000000003,5.297999999999999,CHEMBL242537.txt
6,-9.5,3.074,5.122999999999999,CHEMBL242537.txt
7,-8.7,3.032,7.709,CHEMBL242537.txt
8,-8.7,1.851,7.069,CHEMBL242537.txt
9,-8.6,2.884,7.356,CHEMBL242537.txt
1,-8.2,0.0,0.0,CHEMBL2442291.txt
2,-7.9,2.302,4.218,CHEMBL2442291.txt
3,-7.8,2.175,7.406000000000001,CHEMBL2442291.txt
4,-7.8,2.665,7.568,CHEMBL2442291.txt
5,-7.7,2.066,7.659,CHEMBL2442291.txt
6,-7.6,2.4730000000000003,8.43,CHEMBL2442291.txt
7,-7.6,2.265,3.693,CHEMBL2442291.txt
8,-7.6,2.285,4.035,CHEMBL2442291.txt
9,-7.6,2.5069999999999997,7.617999999999999,CHEMBL2442291.txt
1,-9.4,0.0,0.0,CHEMBL244378.txt
2,-9.4,1.047,1.371,CHEMBL244378.txt
3,-8.8,4.315,10.064,CHEMBL244378.txt
4,-8.7,4.306,9.84,CHEMBL244378.txt
5,-8.7,4.1739999999999995,9.498,CHEMBL244378.txt
6,-8.7,1.68,2.471,CHEMBL244378.txt
7,-8.6,4.374,10.442,CHEMBL244378.txt
8,-8.6,3.983,8.805,CHEMBL244378.txt
9,-8.5,3.9819999999999998,10.033999999999999,CHEMBL244378.txt
1,-7.7,0.0,0.0,CHEMBL242735.txt
2,-7.5,1.131,1.3030000000000002,CHEMBL242735.txt
3,-7.5,1.161,1.365,CHEMBL242735.txt
4,-7.4,1.9040000000000001,4.09,CHEMBL242735.txt
5,-7.4,4.288,8.847999999999999,CHEMBL242735.txt
6,-7.3,2.491,3.847,CHEMBL242735.txt
7,-7.3,1.819,3.025,CHEMBL242735.txt
8,-7.3,3.685,8.289,CHEMBL242735.txt
9,-7.3,2.574,3.266,CHEMBL242735.txt
1,-8.0,0.0,0.0,CHEMBL242325.txt
2,-7.9,3.161,11.923,CHEMBL242325.txt
3,-7.9,2.537,4.113,CHEMBL242325.txt
4,-7.8,3.196,12.152000000000001,CHEMBL242325.txt
5,-7.8,2.333,4.121,CHEMBL242325.txt
6,-7.7,2.248,2.807,CHEMBL242325.txt
7,-7.6,3.103,12.241,CHEMBL242325.txt
8,-7.5,2.944,12.265,CHEMBL242325.txt
9,-7.4,6.0520000000000005,14.505,CHEMBL242325.txt
1,-10.4,0.0,0.0,CHEMBL244973.txt
2,-9.0,3.31,5.435,CHEMBL244973.txt
3,-8.9,4.668,9.673,CHEMBL244973.txt
4,-8.7,3.2489999999999997,5.595,CHEMBL244973.txt
5,-8.7,17.908,21.021,CHEMBL244973.txt
6,-8.7,5.007,9.86,CHEMBL244973.txt
7,-8.6,15.737,19.322,CHEMBL244973.txt
8,-8.5,3.1260000000000003,5.7,CHEMBL244973.txt
9,-8.2,3.4419999999999997,6.439,CHEMBL244973.txt
1,-7.7,0.0,0.0,CHEMBL249076.txt
2,-7.5,19.338,21.378,CHEMBL249076.txt
3,-7.5,27.096,28.646,CHEMBL249076.txt
4,-7.4,25.377,27.508000000000003,CHEMBL249076.txt
5,-7.3,3.792,6.607,CHEMBL249076.txt
6,-7.3,2.188,3.658,CHEMBL249076.txt
7,-7.3,7.535,10.227,CHEMBL249076.txt
8,-7.2,3.574,7.182,CHEMBL249076.txt
9,-7.2,7.537000000000001,10.224,CHEMBL249076.txt
1,-9.3,0.0,0.0,CHEMBL247649.txt
2,-9.3,0.922,1.3090000000000002,CHEMBL247649.txt
3,-8.7,1.5019999999999998,1.945,CHEMBL247649.txt
4,-8.5,3.051,3.977,CHEMBL247649.txt
5,-8.3,2.521,3.642,CHEMBL247649.txt
6,-8.3,1.806,2.1959999999999997,CHEMBL247649.txt
7,-8.3,2.741,5.12,CHEMBL247649.txt
8,-8.2,3.8489999999999998,5.0280000000000005,CHEMBL247649.txt
9,-8.2,2.625,3.9589999999999996,CHEMBL247649.txt
1,-9.8,0.0,0.0,CHEMBL249116.txt
2,-9.4,3.552,6.547999999999999,CHEMBL249116.txt
3,-9.3,2.8089999999999997,5.421,CHEMBL249116.txt
4,-9.3,2.7030000000000003,4.51,CHEMBL249116.txt
5,-9.2,3.668,6.627000000000001,CHEMBL249116.txt
6,-9.2,3.242,6.575,CHEMBL249116.txt
7,-9.0,2.271,3.819,CHEMBL249116.txt
8,-8.9,3.014,5.921,CHEMBL249116.txt
9,-8.8,2.6630000000000003,5.19,CHEMBL249116.txt
1,-7.8,0.0,0.0,CHEMBL243188.txt
2,-7.7,0.7509999999999999,1.213,CHEMBL243188.txt
3,-7.7,1.7830000000000001,2.82,CHEMBL243188.txt
4,-7.6,2.19,5.575,CHEMBL243188.txt
5,-7.6,1.819,5.777,CHEMBL243188.txt
6,-7.6,3.3480000000000003,6.412999999999999,CHEMBL243188.txt
7,-7.5,14.312000000000001,16.332,CHEMBL243188.txt
8,-7.5,2.734,6.367000000000001,CHEMBL243188.txt
9,-7.5,1.774,5.68,CHEMBL243188.txt
1,-9.9,0.0,0.0,CHEMBL248036.txt
2,-9.4,3.173,6.369,CHEMBL248036.txt
3,-9.1,1.255,1.4569999999999999,CHEMBL248036.txt
4,-8.7,3.4539999999999997,6.662000000000001,CHEMBL248036.txt
5,-8.7,3.398,5.452999999999999,CHEMBL248036.txt
6,-8.7,2.763,4.7589999999999995,CHEMBL248036.txt
7,-8.6,4.148,7.845,CHEMBL248036.txt
8,-8.4,5.063,7.355,CHEMBL248036.txt
9,-8.4,4.906000000000001,7.595,CHEMBL248036.txt
1,-10.2,0.0,0.0,CHEMBL248988.txt
2,-9.9,3.487,6.551,CHEMBL248988.txt
3,-9.3,3.17,7.157,CHEMBL248988.txt
4,-8.8,3.9389999999999996,7.785,CHEMBL248988.txt
5,-8.5,2.6010000000000004,5.672000000000001,CHEMBL248988.txt
6,-8.5,2.717,6.827999999999999,CHEMBL248988.txt
7,-8.2,3.513,6.776,CHEMBL248988.txt
8,-8.2,4.659,7.414,CHEMBL248988.txt
9,-8.0,3.665,6.079,CHEMBL248988.txt
1,-7.6,0.0,0.0,CHEMBL244142.txt
2,-7.4,1.875,2.522,CHEMBL244142.txt
3,-7.4,2.3040000000000003,3.842,CHEMBL244142.txt
4,-7.4,3.767,7.316,CHEMBL244142.txt
5,-7.3,3.575,7.852,CHEMBL244142.txt
6,-7.3,2.478,4.1819999999999995,CHEMBL244142.txt
7,-7.3,4.28,6.5329999999999995,CHEMBL244142.txt
8,-7.3,3.7880000000000003,5.7620000000000005,CHEMBL244142.txt
9,-7.3,3.616,5.63,CHEMBL244142.txt
1,-9.1,0.0,0.0,CHEMBL248553.txt
2,-8.4,1.751,2.248,CHEMBL248553.txt
3,-8.3,1.43,1.659,CHEMBL248553.txt
4,-8.3,2.314,2.93,CHEMBL248553.txt
5,-8.3,3.176,4.856,CHEMBL248553.txt
6,-8.2,26.153000000000002,28.589000000000002,CHEMBL248553.txt
7,-8.1,1.317,1.733,CHEMBL248553.txt
8,-8.1,2.061,2.59,CHEMBL248553.txt
9,-8.1,2.608,9.147,CHEMBL248553.txt
1,-9.7,0.0,0.0,CHEMBL248584.txt
2,-9.0,3.013,3.485,CHEMBL248584.txt
3,-7.7,8.686,12.088,CHEMBL248584.txt
4,-7.5,7.975,11.841,CHEMBL248584.txt
5,-7.5,3.945,9.05,CHEMBL248584.txt
6,-7.4,26.146,29.641,CHEMBL248584.txt
7,-7.4,7.013999999999999,9.634,CHEMBL248584.txt
8,-7.4,6.483,9.454,CHEMBL248584.txt
9,-7.3,6.893,10.904000000000002,CHEMBL248584.txt
1,-9.4,0.0,0.0,CHEMBL249077.txt
2,-8.4,2.708,4.113,CHEMBL249077.txt
3,-8.3,3.8160000000000003,7.172999999999999,CHEMBL249077.txt
4,-8.3,3.236,7.457999999999999,CHEMBL249077.txt
5,-8.1,4.196000000000001,6.9639999999999995,CHEMBL249077.txt
6,-8.0,1.9909999999999999,3.9930000000000003,CHEMBL249077.txt
7,-7.9,3.549,6.039,CHEMBL249077.txt
8,-7.7,2.875,4.691,CHEMBL249077.txt
9,-7.5,3.0,4.96,CHEMBL249077.txt
1,-9.0,0.0,0.0,CHEMBL248396.txt
2,-8.6,6.354,8.783,CHEMBL248396.txt
3,-8.6,25.34,28.956999999999997,CHEMBL248396.txt
4,-8.6,3.15,5.45,CHEMBL248396.txt
5,-8.5,3.411,5.982,CHEMBL248396.txt
6,-8.3,4.961,7.721,CHEMBL248396.txt
7,-8.3,4.277,7.369,CHEMBL248396.txt
8,-8.2,7.7620000000000005,10.890999999999998,CHEMBL248396.txt
9,-8.1,4.0889999999999995,5.82,CHEMBL248396.txt
1,-11.6,0.0,0.0,CHEMBL246620.txt
2,-11.5,2.09,4.077,CHEMBL246620.txt
3,-11.4,2.17,4.265,CHEMBL246620.txt
4,-11.4,2.204,3.9389999999999996,CHEMBL246620.txt
5,-11.3,2.605,4.346,CHEMBL246620.txt
6,-11.1,2.082,3.085,CHEMBL246620.txt
7,-11.1,2.247,4.002,CHEMBL246620.txt
8,-11.1,3.265,5.396,CHEMBL246620.txt
9,-11.0,1.659,3.5410000000000004,CHEMBL246620.txt
1,-7.7,0.0,0.0,CHEMBL248194.txt
2,-7.7,10.447000000000001,13.322000000000001,CHEMBL248194.txt
3,-7.7,4.093,7.893,CHEMBL248194.txt
4,-7.7,3.571,7.278,CHEMBL248194.txt
5,-7.7,3.955,8.009,CHEMBL248194.txt
6,-7.6,1.525,1.6880000000000002,CHEMBL248194.txt
7,-7.5,24.929000000000002,28.428,CHEMBL248194.txt
8,-7.4,22.531,25.761999999999997,CHEMBL248194.txt
9,-7.4,3.147,6.9270000000000005,CHEMBL248194.txt
1,-9.4,0.0,0.0,CHEMBL248627.txt
2,-9.3,4.143,11.439,CHEMBL248627.txt
3,-8.7,3.8739999999999997,11.797,CHEMBL248627.txt
4,-8.7,6.771,13.86,CHEMBL248627.txt
5,-8.6,4.516,9.347999999999999,CHEMBL248627.txt
6,-8.6,3.605,10.975999999999999,CHEMBL248627.txt
7,-8.5,6.1370000000000005,9.937999999999999,CHEMBL248627.txt
8,-8.5,3.08,11.307,CHEMBL248627.txt
9,-8.4,5.814,8.547,CHEMBL248627.txt
1,-9.0,0.0,0.0,CHEMBL248394.txt
2,-8.8,2.963,8.804,CHEMBL248394.txt
3,-8.6,1.379,1.453,CHEMBL248394.txt
4,-8.3,2.496,9.032,CHEMBL248394.txt
5,-8.0,2.184,2.813,CHEMBL248394.txt
6,-8.0,2.545,9.232999999999999,CHEMBL248394.txt
7,-7.9,2.752,9.517000000000001,CHEMBL248394.txt
8,-7.9,3.97,8.86,CHEMBL248394.txt
9,-7.9,2.5340000000000003,8.793,CHEMBL248394.txt
1,-6.5,0.0,0.0,CHEMBL249075.txt
2,-6.4,8.023,9.311,CHEMBL249075.txt
3,-6.4,2.656,4.992,CHEMBL249075.txt
4,-6.4,19.829,22.259,CHEMBL249075.txt
5,-6.3,22.124000000000002,24.096999999999998,CHEMBL249075.txt
6,-6.3,22.645,24.573,CHEMBL249075.txt
7,-6.3,7.691,9.818,CHEMBL249075.txt
8,-6.2,7.747999999999999,10.335,CHEMBL249075.txt
9,-6.2,13.763,15.651,CHEMBL249075.txt
1,-7.7,0.0,0.0,CHEMBL249115.txt
2,-7.2,2.905,6.0,CHEMBL249115.txt
3,-7.0,2.805,5.73,CHEMBL249115.txt
4,-6.7,15.613,17.548,CHEMBL249115.txt
5,-6.7,26.238000000000003,28.362,CHEMBL249115.txt
6,-6.6,19.741,22.226999999999997,CHEMBL249115.txt
7,-6.6,3.923,6.142,CHEMBL249115.txt
8,-6.6,27.878,29.625999999999998,CHEMBL249115.txt
9,-6.6,14.931,17.48,CHEMBL249115.txt
1,-9.6,0.0,0.0,CHEMBL247460.txt
2,-9.4,0.84,1.24,CHEMBL247460.txt
3,-9.3,0.9690000000000001,1.025,CHEMBL247460.txt
4,-8.6,1.621,2.362,CHEMBL247460.txt
5,-8.2,3.2310000000000003,4.202,CHEMBL247460.txt
6,-8.1,2.465,3.88,CHEMBL247460.txt
7,-8.0,5.211,10.619000000000002,CHEMBL247460.txt
8,-8.0,3.074,4.504,CHEMBL247460.txt
9,-7.9,2.8989999999999996,8.269,CHEMBL247460.txt
1,-7.9,0.0,0.0,CHEMBL244141.txt
2,-7.7,0.389,1.051,CHEMBL244141.txt
3,-7.6,1.305,1.6680000000000001,CHEMBL244141.txt
4,-7.4,3.5389999999999997,8.443,CHEMBL244141.txt
5,-7.4,3.608,9.547,CHEMBL244141.txt
6,-7.3,2.12,2.9160000000000004,CHEMBL244141.txt
7,-7.3,1.663,2.3280000000000003,CHEMBL244141.txt
8,-7.2,1.469,1.9980000000000002,CHEMBL244141.txt
9,-7.1,2.511,3.3110000000000004,CHEMBL244141.txt
1,-8.0,0.0,0.0,CHEMBL244140.txt
2,-7.9,2.29,3.408,CHEMBL244140.txt
3,-7.9,3.3569999999999998,5.052,CHEMBL244140.txt
4,-7.8,3.923,8.936,CHEMBL244140.txt
5,-7.8,1.73,10.011000000000001,CHEMBL244140.txt
6,-7.7,3.786,6.124,CHEMBL244140.txt
7,-7.7,4.2,6.6160000000000005,CHEMBL244140.txt
8,-7.7,3.31,5.117,CHEMBL244140.txt
9,-7.7,3.7960000000000003,4.845,CHEMBL244140.txt
1,-9.2,0.0,0.0,CHEMBL248008.txt
2,-9.2,1.536,1.855,CHEMBL248008.txt
3,-8.9,1.5619999999999998,1.7690000000000001,CHEMBL248008.txt
4,-8.9,6.702999999999999,10.839,CHEMBL248008.txt
5,-8.6,3.698,4.305,CHEMBL248008.txt
6,-8.5,3.623,5.773,CHEMBL248008.txt
7,-8.5,4.854,10.309000000000001,CHEMBL248008.txt
8,-8.4,2.602,2.995,CHEMBL248008.txt
9,-7.9,6.715,9.894,CHEMBL248008.txt
1,-8.9,0.0,0.0,CHEMBL249114.txt
2,-8.2,3.418,7.143,CHEMBL249114.txt
3,-8.1,2.305,3.9339999999999997,CHEMBL249114.txt
4,-7.7,3.605,6.682,CHEMBL249114.txt
5,-7.6,2.3209999999999997,4.112,CHEMBL249114.txt
6,-7.3,3.6010000000000004,6.8870000000000005,CHEMBL249114.txt
7,-7.3,18.487000000000002,20.886999999999997,CHEMBL249114.txt
8,-7.0,3.85,5.725,CHEMBL249114.txt
9,-7.0,3.55,6.212000000000001,CHEMBL249114.txt
1,-8.5,0.0,0.0,CHEMBL248395.txt
2,-8.5,27.01,29.087,CHEMBL248395.txt
3,-8.5,3.08,3.91,CHEMBL248395.txt
4,-8.5,4.121,6.593,CHEMBL248395.txt
5,-8.4,2.861,4.1739999999999995,CHEMBL248395.txt
6,-8.4,1.433,1.963,CHEMBL248395.txt
7,-8.3,1.589,1.869,CHEMBL248395.txt
8,-8.0,8.612,10.677999999999999,CHEMBL248395.txt
9,-7.8,7.415,13.352,CHEMBL248395.txt
1,-8.8,0.0,0.0,CHEMBL248626.txt
2,-8.7,1.391,1.9809999999999999,CHEMBL248626.txt
3,-7.9,2.8339999999999996,4.112,CHEMBL248626.txt
4,-7.8,3.5039999999999996,9.234,CHEMBL248626.txt
5,-7.7,3.853,4.937,CHEMBL248626.txt
6,-7.6,3.37,4.715,CHEMBL248626.txt
7,-7.5,3.889,5.354,CHEMBL248626.txt
8,-7.5,3.7739999999999996,9.323,CHEMBL248626.txt
9,-7.4,26.351,30.766,CHEMBL248626.txt
1,-9.7,0.0,0.0,CHEMBL247646.txt
2,-9.6,1.722,4.947,CHEMBL247646.txt
3,-9.0,3.275,3.872,CHEMBL247646.txt
4,-8.8,2.597,3.233,CHEMBL247646.txt
5,-8.8,3.4219999999999997,5.265,CHEMBL247646.txt
6,-8.6,3.1510000000000002,4.337,CHEMBL247646.txt
7,-8.5,1.4240000000000002,1.7830000000000001,CHEMBL247646.txt
8,-8.4,2.375,7.808,CHEMBL247646.txt
9,-8.4,3.221,4.26,CHEMBL247646.txt
1,-11.3,0.0,0.0,CHEMBL247652.txt
2,-10.9,2.122,3.7489999999999997,CHEMBL247652.txt
3,-10.9,1.197,1.405,CHEMBL247652.txt
4,-10.7,3.154,5.199,CHEMBL247652.txt
5,-10.6,2.911,8.525,CHEMBL247652.txt
6,-10.5,2.009,2.7460000000000004,CHEMBL247652.txt
7,-10.4,2.395,8.913,CHEMBL247652.txt
8,-10.4,2.27,3.6180000000000003,CHEMBL247652.txt
9,-10.3,2.491,3.2430000000000003,CHEMBL247652.txt
1,-6.8,0.0,0.0,CHEMBL248993.txt
2,-6.8,0.826,2.197,CHEMBL248993.txt
3,-6.6,16.248,17.891,CHEMBL248993.txt
4,-6.5,16.491,18.18,CHEMBL248993.txt
5,-6.4,16.195,17.756,CHEMBL248993.txt
6,-6.4,3.0269999999999997,5.684,CHEMBL248993.txt
7,-6.3,16.553,17.977999999999998,CHEMBL248993.txt
8,-6.3,16.635,17.971,CHEMBL248993.txt
9,-6.2,16.932000000000002,18.671,CHEMBL248993.txt
1,-9.9,0.0,0.0,CHEMBL249441.txt
2,-9.9,3.403,5.144,CHEMBL249441.txt
3,-9.6,2.266,7.184,CHEMBL249441.txt
4,-9.5,1.794,2.1919999999999997,CHEMBL249441.txt
5,-9.5,2.63,4.265,CHEMBL249441.txt
6,-9.5,3.418,5.827999999999999,CHEMBL249441.txt
7,-9.3,1.9769999999999999,6.815,CHEMBL249441.txt
8,-9.2,1.7530000000000001,6.57,CHEMBL249441.txt
9,-8.9,2.374,7.365,CHEMBL249441.txt
1,-8.5,0.0,0.0,CHEMBL248011.txt
2,-8.3,2.576,5.216,CHEMBL248011.txt
3,-8.3,2.401,6.67,CHEMBL248011.txt
4,-8.3,2.609,4.959,CHEMBL248011.txt
5,-8.2,2.6260000000000003,3.6180000000000003,CHEMBL248011.txt
6,-8.2,1.9409999999999998,2.647,CHEMBL248011.txt
7,-8.1,2.5669999999999997,6.841,CHEMBL248011.txt
8,-8.0,1.58,2.235,CHEMBL248011.txt
9,-8.0,2.635,3.77,CHEMBL248011.txt
1,-8.8,0.0,0.0,CHEMBL248005.txt
2,-8.7,3.1039999999999996,5.169,CHEMBL248005.txt
3,-8.6,2.986,4.84,CHEMBL248005.txt
4,-8.5,2.647,3.426,CHEMBL248005.txt
5,-8.5,2.345,6.376,CHEMBL248005.txt
6,-8.5,1.78,2.7680000000000002,CHEMBL248005.txt
7,-8.5,1.26,1.9280000000000002,CHEMBL248005.txt
8,-8.3,3.01,5.9910000000000005,CHEMBL248005.txt
9,-8.3,1.896,6.553999999999999,CHEMBL248005.txt
1,-8.3,0.0,0.0,CHEMBL248010.txt
2,-8.0,25.294,28.789,CHEMBL248010.txt
3,-8.0,2.383,4.535,CHEMBL248010.txt
4,-8.0,7.898,10.237,CHEMBL248010.txt
5,-7.8,10.187999999999999,13.489,CHEMBL248010.txt
6,-7.8,8.385,11.295,CHEMBL248010.txt
7,-7.7,2.827,5.113,CHEMBL248010.txt
8,-7.7,1.943,2.5860000000000003,CHEMBL248010.txt
9,-7.6,6.67,8.841000000000001,CHEMBL248010.txt
1,-8.4,0.0,0.0,CHEMBL248038.txt
2,-8.2,5.649,8.276,CHEMBL248038.txt
3,-8.0,4.159,7.314,CHEMBL248038.txt
4,-7.9,3.116,6.406000000000001,CHEMBL248038.txt
5,-7.8,1.9909999999999999,2.552,CHEMBL248038.txt
6,-7.7,4.955,7.39,CHEMBL248038.txt
7,-7.7,5.3420000000000005,8.692,CHEMBL248038.txt
8,-7.7,27.921,30.063000000000002,CHEMBL248038.txt
9,-7.7,2.665,3.895,CHEMBL248038.txt
1,-7.2,0.0,0.0,CHEMBL248992.txt
2,-7.0,1.171,1.255,CHEMBL248992.txt
3,-6.9,2.515,3.6180000000000003,CHEMBL248992.txt
4,-6.9,4.1160000000000005,5.225,CHEMBL248992.txt
5,-6.8,2.633,3.679,CHEMBL248992.txt
6,-6.8,2.804,4.42,CHEMBL248992.txt
7,-6.7,2.2159999999999997,3.0610000000000004,CHEMBL248992.txt
8,-6.7,1.395,2.738,CHEMBL248992.txt
9,-6.6,5.157,6.895,CHEMBL248992.txt
1,-8.4,0.0,0.0,CHEMBL248951.txt
2,-8.3,2.952,4.121,CHEMBL248951.txt
3,-8.3,2.197,3.247,CHEMBL248951.txt
4,-8.0,2.946,4.881,CHEMBL248951.txt
5,-8.0,3.022,5.841,CHEMBL248951.txt
6,-7.9,2.641,3.574,CHEMBL248951.txt
7,-7.9,3.531,7.096,CHEMBL248951.txt
8,-7.9,2.536,4.893,CHEMBL248951.txt
9,-7.9,5.325,7.877000000000001,CHEMBL248951.txt
1,-8.2,0.0,0.0,CHEMBL248212.txt
2,-8.1,1.138,1.325,CHEMBL248212.txt
3,-7.7,2.616,3.5869999999999997,CHEMBL248212.txt
4,-7.2,3.4,6.792999999999999,CHEMBL248212.txt
5,-6.8,3.852,6.882000000000001,CHEMBL248212.txt
6,-6.7,3.127,5.614,CHEMBL248212.txt
7,-6.7,19.647000000000002,22.217,CHEMBL248212.txt
8,-6.7,25.304000000000002,28.168000000000003,CHEMBL248212.txt
9,-6.7,11.774000000000001,15.452,CHEMBL248212.txt
1,-8.6,0.0,0.0,CHEMBL249044.txt
2,-8.0,2.366,3.032,CHEMBL249044.txt
3,-7.3,26.384,28.516,CHEMBL249044.txt
4,-7.3,2.948,4.788,CHEMBL249044.txt
5,-7.1,18.429000000000002,21.052,CHEMBL249044.txt
6,-7.1,4.393,7.722,CHEMBL249044.txt
7,-7.0,5.127000000000001,7.334,CHEMBL249044.txt
8,-7.0,7.678999999999999,10.091000000000001,CHEMBL249044.txt
9,-6.9,4.137,7.439,CHEMBL249044.txt
1,-9.0,0.0,0.0,CHEMBL248199.txt
2,-9.0,2.821,3.83,CHEMBL248199.txt
3,-8.9,2.49,3.377,CHEMBL248199.txt
4,-8.7,2.616,3.411,CHEMBL248199.txt
5,-8.7,1.893,2.444,CHEMBL248199.txt
6,-8.7,1.6680000000000001,1.819,CHEMBL248199.txt
7,-8.6,24.980999999999998,27.866,CHEMBL248199.txt
8,-8.5,7.697,11.182,CHEMBL248199.txt
9,-8.5,3.3139999999999996,5.26,CHEMBL248199.txt
1,-8.6,0.0,0.0,CHEMBL248628.txt
2,-8.4,1.501,2.1319999999999997,CHEMBL248628.txt
3,-7.9,5.072,9.597000000000001,CHEMBL248628.txt
4,-7.8,5.074,7.605,CHEMBL248628.txt
5,-7.7,4.7669999999999995,7.197,CHEMBL248628.txt
6,-7.6,4.935,7.403,CHEMBL248628.txt
7,-7.5,5.995,9.702,CHEMBL248628.txt
8,-7.5,5.1579999999999995,9.06,CHEMBL248628.txt
9,-7.4,3.412,11.616,CHEMBL248628.txt
1,-10.4,0.0,0.0,CHEMBL248953.txt
2,-9.6,1.203,1.781,CHEMBL248953.txt
3,-9.0,2.965,7.098,CHEMBL248953.txt
4,-9.0,2.943,7.032,CHEMBL248953.txt
5,-8.7,4.073,7.9639999999999995,CHEMBL248953.txt
6,-8.6,3.3739999999999997,5.903,CHEMBL248953.txt
7,-8.0,2.5980000000000003,5.877000000000001,CHEMBL248953.txt
8,-8.0,3.1839999999999997,5.297000000000001,CHEMBL248953.txt
9,-7.9,3.677,7.482,CHEMBL248953.txt
1,-9.8,0.0,0.0,CHEMBL249324.txt
2,-9.6,2.77,9.369,CHEMBL249324.txt
3,-9.6,3.158,9.758,CHEMBL249324.txt
4,-9.5,2.805,8.666,CHEMBL249324.txt
5,-9.4,2.8339999999999996,4.093999999999999,CHEMBL249324.txt
6,-9.4,2.6910000000000003,8.892000000000001,CHEMBL249324.txt
7,-9.3,2.8160000000000003,9.323,CHEMBL249324.txt
8,-9.3,3.545,9.841000000000001,CHEMBL249324.txt
9,-9.2,2.7030000000000003,3.925,CHEMBL249324.txt
1,-10.3,0.0,0.0,CHEMBL248012.txt
2,-9.1,4.166,8.297,CHEMBL248012.txt
3,-8.6,5.093,7.393,CHEMBL248012.txt
4,-8.6,1.653,2.039,CHEMBL248012.txt
5,-8.4,2.435,3.341,CHEMBL248012.txt
6,-8.3,3.403,5.505,CHEMBL248012.txt
7,-8.2,4.984,7.649,CHEMBL248012.txt
8,-8.0,4.694,7.162000000000001,CHEMBL248012.txt
9,-8.0,5.257999999999999,9.282,CHEMBL248012.txt
1,-9.8,0.0,0.0,CHEMBL248007.txt
2,-9.5,1.022,1.8630000000000002,CHEMBL248007.txt
3,-9.3,3.117,7.563,CHEMBL248007.txt
4,-9.3,2.517,4.711,CHEMBL248007.txt
5,-9.3,2.469,5.314,CHEMBL248007.txt
6,-9.0,2.799,6.805,CHEMBL248007.txt
7,-9.0,2.7739999999999996,6.922000000000001,CHEMBL248007.txt
8,-8.9,3.222,4.872,CHEMBL248007.txt
9,-8.9,2.65,4.666,CHEMBL248007.txt
1,-10.1,0.0,0.0,CHEMBL249443.txt
2,-9.7,3.4210000000000003,5.603,CHEMBL249443.txt
3,-9.7,2.693,4.104,CHEMBL249443.txt
4,-9.6,3.165,5.398,CHEMBL249443.txt
5,-9.2,3.6310000000000002,5.898,CHEMBL249443.txt
6,-9.2,2.522,3.915,CHEMBL249443.txt
7,-9.1,2.54,4.535,CHEMBL249443.txt
8,-9.0,1.8030000000000002,2.275,CHEMBL249443.txt
9,-8.7,2.392,7.079,CHEMBL249443.txt
1,-8.7,0.0,0.0,CHEMBL248952.txt
2,-8.4,16.934,19.76,CHEMBL248952.txt
3,-8.4,17.757,19.612000000000002,CHEMBL248952.txt
4,-8.4,3.623,7.056,CHEMBL248952.txt
5,-8.2,2.989,4.195,CHEMBL248952.txt
6,-8.1,17.458,19.607,CHEMBL248952.txt
7,-7.8,17.053,19.628,CHEMBL248952.txt
8,-7.7,3.562,5.42,CHEMBL248952.txt
9,-7.7,3.525,5.397,CHEMBL248952.txt
1,-9.3,0.0,0.0,CHEMBL248198.txt
2,-8.8,8.802999999999999,12.751,CHEMBL248198.txt
3,-8.6,26.197,28.381999999999998,CHEMBL248198.txt
4,-8.5,1.935,2.467,CHEMBL248198.txt
5,-8.5,2.637,3.5780000000000003,CHEMBL248198.txt
6,-8.4,2.144,2.612,CHEMBL248198.txt
7,-8.3,2.296,3.115,CHEMBL248198.txt
8,-8.3,2.844,3.565,CHEMBL248198.txt
9,-8.2,2.553,3.53,CHEMBL248198.txt
1,-8.4,0.0,0.0,CHEMBL249282.txt
2,-8.3,3.613,8.655,CHEMBL249282.txt
3,-8.3,3.622,8.565,CHEMBL249282.txt
4,-8.2,2.7560000000000002,4.226,CHEMBL249282.txt
5,-8.1,4.1610000000000005,7.121,CHEMBL249282.txt
6,-8.1,3.117,8.727,CHEMBL249282.txt
7,-8.0,4.282,10.491,CHEMBL249282.txt
8,-8.0,4.17,6.917000000000001,CHEMBL249282.txt
9,-7.9,1.902,2.707,CHEMBL249282.txt
1,-8.3,0.0,0.0,CHEMBL249241.txt
2,-8.2,3.341,4.421,CHEMBL249241.txt
3,-8.2,3.697,4.631,CHEMBL249241.txt
4,-8.2,3.512,5.111000000000001,CHEMBL249241.txt
5,-8.1,3.613,4.812,CHEMBL249241.txt
6,-7.9,4.731,8.847999999999999,CHEMBL249241.txt
7,-7.9,1.77,2.405,CHEMBL249241.txt
8,-7.8,3.537,5.428999999999999,CHEMBL249241.txt
9,-7.7,3.005,4.522,CHEMBL249241.txt
1,-8.4,0.0,0.0,CHEMBL241231.txt
2,-8.3,2.095,3.275,CHEMBL241231.txt
3,-8.2,2.3369999999999997,3.576,CHEMBL241231.txt
4,-8.2,2.287,2.8489999999999998,CHEMBL241231.txt
5,-8.1,1.7530000000000001,2.395,CHEMBL241231.txt
6,-8.1,3.1319999999999997,5.372999999999999,CHEMBL241231.txt
7,-8.1,2.23,7.388999999999999,CHEMBL241231.txt
8,-8.0,3.1919999999999997,4.529,CHEMBL241231.txt
9,-8.0,4.524,9.363999999999999,CHEMBL241231.txt
1,-10.8,0.0,0.0,CHEMBL242738.txt
2,-10.8,1.92,2.951,CHEMBL242738.txt
3,-10.8,2.9360000000000004,4.771,CHEMBL242738.txt
4,-10.2,5.185,9.917,CHEMBL242738.txt
5,-10.1,5.165,9.88,CHEMBL242738.txt
6,-10.1,5.27,8.17,CHEMBL242738.txt
7,-10.1,4.127,7.518,CHEMBL242738.txt
8,-10.0,2.552,3.345,CHEMBL242738.txt
9,-9.8,3.972,5.646,CHEMBL242738.txt
1,-7.0,0.0,0.0,CHEMBL243817.txt
2,-6.9,1.827,3.6210000000000004,CHEMBL243817.txt
3,-6.9,1.837,3.417,CHEMBL243817.txt
4,-6.8,1.38,1.9609999999999999,CHEMBL243817.txt
5,-6.8,2.128,4.289,CHEMBL243817.txt
6,-6.7,14.432,16.467,CHEMBL243817.txt
7,-6.7,1.147,2.8689999999999998,CHEMBL243817.txt
8,-6.6,1.645,3.353,CHEMBL243817.txt
9,-6.6,0.988,1.74,CHEMBL243817.txt
1,-8.2,0.0,0.0,CHEMBL241966.txt
2,-8.1,2.383,4.176,CHEMBL241966.txt
3,-7.9,2.715,7.32,CHEMBL241966.txt
4,-7.8,17.078,19.522000000000002,CHEMBL241966.txt
5,-7.7,2.0380000000000003,2.528,CHEMBL241966.txt
6,-7.5,26.539,28.383000000000003,CHEMBL241966.txt
7,-7.2,2.903,4.462,CHEMBL241966.txt
8,-7.2,2.9130000000000003,7.289,CHEMBL241966.txt
9,-7.2,19.424,21.307,CHEMBL241966.txt
1,-8.5,0.0,0.0,CHEMBL248995.txt
2,-8.0,2.76,5.553999999999999,CHEMBL248995.txt
3,-8.0,3.153,6.154,CHEMBL248995.txt
4,-8.0,1.848,2.7489999999999997,CHEMBL248995.txt
5,-8.0,3.303,5.787000000000001,CHEMBL248995.txt
6,-8.0,3.9810000000000003,6.58,CHEMBL248995.txt
7,-7.8,4.329,7.066,CHEMBL248995.txt
8,-7.7,3.387,6.209,CHEMBL248995.txt
9,-7.4,3.114,4.762,CHEMBL248995.txt
1,-8.6,0.0,0.0,CHEMBL248002.txt
2,-8.3,3.5210000000000004,8.526,CHEMBL248002.txt
3,-8.3,3.34,10.058,CHEMBL248002.txt
4,-8.0,2.861,5.295,CHEMBL248002.txt
5,-8.0,3.534,9.869,CHEMBL248002.txt
6,-7.9,3.5210000000000004,9.493,CHEMBL248002.txt
7,-7.9,3.028,5.545,CHEMBL248002.txt
8,-7.9,2.826,5.926,CHEMBL248002.txt
9,-7.8,3.4360000000000004,10.216000000000001,CHEMBL248002.txt
1,-8.4,0.0,0.0,CHEMBL248214.txt
2,-8.3,3.975,4.731,CHEMBL248214.txt
3,-8.0,2.9960000000000004,3.657,CHEMBL248214.txt
4,-7.9,3.0,4.053999999999999,CHEMBL248214.txt
5,-7.9,25.87,28.983,CHEMBL248214.txt
6,-7.8,8.388,10.834000000000001,CHEMBL248214.txt
7,-7.8,3.89,9.423,CHEMBL248214.txt
8,-7.6,7.172999999999999,10.345,CHEMBL248214.txt
9,-7.5,26.147,29.134,CHEMBL248214.txt
1,-9.4,0.0,0.0,CHEMBL248200.txt
2,-8.8,2.984,5.385,CHEMBL248200.txt
3,-8.6,6.244,10.12,CHEMBL248200.txt
4,-8.5,27.008000000000003,29.21,CHEMBL248200.txt
5,-8.4,6.881,10.572000000000001,CHEMBL248200.txt
6,-8.4,0.924,1.248,CHEMBL248200.txt
7,-8.4,19.607,22.701999999999998,CHEMBL248200.txt
8,-8.3,2.186,2.5580000000000003,CHEMBL248200.txt
9,-8.3,2.391,3.2939999999999996,CHEMBL248200.txt
1,-9.1,0.0,0.0,CHEMBL249240.txt
2,-9.0,1.0190000000000001,1.633,CHEMBL249240.txt
3,-8.9,3.05,7.013999999999999,CHEMBL249240.txt
4,-8.6,1.818,2.4530000000000003,CHEMBL249240.txt
5,-8.5,1.399,1.8130000000000002,CHEMBL249240.txt
6,-8.4,3.7230000000000003,6.542999999999999,CHEMBL249240.txt
7,-8.4,2.944,7.656000000000001,CHEMBL249240.txt
8,-8.3,3.427,6.114,CHEMBL249240.txt
9,-8.2,2.345,4.988,CHEMBL249240.txt
1,-5.7,0.0,0.0,CHEMBL249283.txt
2,-5.4,2.752,3.858,CHEMBL249283.txt
3,-5.3,2.385,3.235,CHEMBL249283.txt
4,-5.3,2.238,3.55,CHEMBL249283.txt
5,-5.2,1.8530000000000002,3.322,CHEMBL249283.txt
6,-5.2,3.444,4.822,CHEMBL249283.txt
7,-5.2,2.545,3.4939999999999998,CHEMBL249283.txt
8,-5.1,1.567,2.291,CHEMBL249283.txt
9,-5.1,2.127,2.489,CHEMBL249283.txt
1,-6.5,0.0,0.0,CHEMBL241232.txt
2,-6.5,1.7590000000000001,2.832,CHEMBL241232.txt
3,-6.3,2.6919999999999997,4.189,CHEMBL241232.txt
4,-6.2,1.55,2.401,CHEMBL241232.txt
5,-6.2,1.7890000000000001,3.946,CHEMBL241232.txt
6,-6.2,2.421,3.975,CHEMBL241232.txt
7,-6.1,2.8760000000000003,4.627,CHEMBL241232.txt
8,-6.1,1.445,1.7590000000000001,CHEMBL241232.txt
9,-6.0,14.744000000000002,15.901,CHEMBL241232.txt
1,-8.9,0.0,0.0,CHEMBL248000.txt
2,-7.9,1.895,3.236,CHEMBL248000.txt
3,-7.9,6.024,10.758,CHEMBL248000.txt
4,-7.8,5.367000000000001,7.2620000000000005,CHEMBL248000.txt
5,-7.8,5.962000000000001,10.380999999999998,CHEMBL248000.txt
6,-7.8,5.449,7.897,CHEMBL248000.txt
7,-7.7,3.201,4.477,CHEMBL248000.txt
8,-7.7,4.641,8.583,CHEMBL248000.txt
9,-7.6,5.624,10.915999999999999,CHEMBL248000.txt
1,-7.5,0.0,0.0,CHEMBL241024.txt
2,-7.5,4.022,5.95,CHEMBL241024.txt
3,-7.4,2.449,4.353,CHEMBL241024.txt
4,-7.3,5.476,7.091,CHEMBL241024.txt
5,-7.3,3.969,7.093999999999999,CHEMBL241024.txt
6,-7.2,4.03,6.99,CHEMBL241024.txt
7,-7.1,4.177,5.914,CHEMBL241024.txt
8,-7.1,4.275,6.497000000000001,CHEMBL241024.txt
9,-7.1,1.849,2.943,CHEMBL241024.txt
1,-10.0,0.0,0.0,CHEMBL249323.txt
2,-9.7,1.7309999999999999,2.945,CHEMBL249323.txt
3,-9.5,3.1289999999999996,10.135,CHEMBL249323.txt
4,-9.2,2.005,2.742,CHEMBL249323.txt
5,-9.1,2.191,3.2960000000000003,CHEMBL249323.txt
6,-9.1,1.871,2.436,CHEMBL249323.txt
7,-9.0,2.501,9.474,CHEMBL249323.txt
8,-8.8,2.784,3.947,CHEMBL249323.txt
9,-8.7,3.327,10.625,CHEMBL249323.txt
1,-10.0,0.0,0.0,CHEMBL249337.txt
2,-9.8,3.625,10.418,CHEMBL249337.txt
3,-9.5,2.68,9.163,CHEMBL249337.txt
4,-9.5,2.995,9.67,CHEMBL249337.txt
5,-9.5,3.347,9.996,CHEMBL249337.txt
6,-9.4,2.9589999999999996,8.993,CHEMBL249337.txt
7,-9.3,2.75,8.908,CHEMBL249337.txt
8,-9.3,2.6830000000000003,8.801,CHEMBL249337.txt
9,-8.9,1.482,2.024,CHEMBL249337.txt
1,-8.6,0.0,0.0,CHEMBL248001.txt
2,-8.5,2.106,2.458,CHEMBL248001.txt
3,-8.5,2.633,9.032,CHEMBL248001.txt
4,-8.4,2.818,3.508,CHEMBL248001.txt
5,-8.3,2.7889999999999997,9.65,CHEMBL248001.txt
6,-8.3,3.1919999999999997,9.293,CHEMBL248001.txt
7,-8.3,3.383,10.722999999999999,CHEMBL248001.txt
8,-8.0,2.464,3.1839999999999997,CHEMBL248001.txt
9,-8.0,1.608,2.208,CHEMBL248001.txt
1,-8.0,0.0,0.0,CHEMBL241233.txt
2,-8.0,1.652,3.125,CHEMBL241233.txt
3,-7.8,1.6769999999999998,4.852,CHEMBL241233.txt
4,-7.6,2.924,5.399,CHEMBL241233.txt
5,-7.6,1.825,4.837,CHEMBL241233.txt
6,-7.6,2.2969999999999997,2.826,CHEMBL241233.txt
7,-7.4,2.0909999999999997,4.915,CHEMBL241233.txt
8,-7.4,1.761,2.841,CHEMBL241233.txt
9,-7.4,1.693,2.674,CHEMBL241233.txt
1,-10.6,0.0,0.0,CHEMBL249595.txt
2,-10.5,2.9219999999999997,10.13,CHEMBL249595.txt
3,-10.4,2.8960000000000004,10.329,CHEMBL249595.txt
4,-10.1,4.372,6.445,CHEMBL249595.txt
5,-10.0,3.237,10.485999999999999,CHEMBL249595.txt
6,-9.9,4.394,6.615,CHEMBL249595.txt
7,-9.9,3.115,4.279,CHEMBL249595.txt
8,-9.8,3.156,10.04,CHEMBL249595.txt
9,-9.7,4.519,7.05,CHEMBL249595.txt
1,-9.5,0.0,0.0,CHEMBL247590.txt
2,-9.0,1.676,4.998,CHEMBL247590.txt
3,-8.9,3.9210000000000003,7.263,CHEMBL247590.txt
4,-8.8,3.1310000000000002,3.952,CHEMBL247590.txt
5,-8.8,2.9160000000000004,3.71,CHEMBL247590.txt
6,-8.5,1.656,1.84,CHEMBL247590.txt
7,-8.5,3.714,7.5520000000000005,CHEMBL247590.txt
8,-8.5,3.51,5.246,CHEMBL247590.txt
9,-8.5,3.387,4.623,CHEMBL247590.txt
1,-12.5,0.0,0.0,CHEMBL246842.txt
2,-12.2,0.8590000000000001,1.01,CHEMBL246842.txt
3,-11.7,1.2209999999999999,1.577,CHEMBL246842.txt
4,-11.5,2.088,2.8169999999999997,CHEMBL246842.txt
5,-11.5,1.192,1.943,CHEMBL246842.txt
6,-10.9,5.098,7.718999999999999,CHEMBL246842.txt
7,-10.9,1.527,1.7730000000000001,CHEMBL246842.txt
8,-10.8,2.6919999999999997,3.052,CHEMBL246842.txt
9,-10.4,2.7969999999999997,3.5069999999999997,CHEMBL246842.txt
1,-8.7,0.0,0.0,CHEMBL249224.txt
2,-8.4,3.35,5.4879999999999995,CHEMBL249224.txt
3,-8.3,2.0469999999999997,2.972,CHEMBL249224.txt
4,-8.2,2.628,4.7,CHEMBL249224.txt
5,-8.1,1.146,1.663,CHEMBL249224.txt
6,-8.0,2.545,4.643,CHEMBL249224.txt
7,-8.0,2.783,3.967,CHEMBL249224.txt
8,-7.9,3.346,5.125,CHEMBL249224.txt
9,-7.9,2.722,4.756,CHEMBL249224.txt
1,-7.7,0.0,0.0,CHEMBL243721.txt
2,-7.7,0.006,1.138,CHEMBL243721.txt
3,-7.6,1.034,3.748,CHEMBL243721.txt
4,-7.6,1.028,3.909,CHEMBL243721.txt
5,-7.3,1.276,2.314,CHEMBL243721.txt
6,-7.2,1.077,1.195,CHEMBL243721.txt
7,-7.2,1.2309999999999999,3.867,CHEMBL243721.txt
8,-7.2,1.306,4.141,CHEMBL243721.txt
9,-7.0,1.207,3.7239999999999998,CHEMBL243721.txt
1,-11.0,0.0,0.0,CHEMBL2420911.txt
2,-10.9,1.7469999999999999,4.405,CHEMBL2420911.txt
3,-10.8,1.818,2.9960000000000004,CHEMBL2420911.txt
4,-10.6,2.001,6.91,CHEMBL2420911.txt
5,-10.2,1.7069999999999999,5.767,CHEMBL2420911.txt
6,-10.0,1.788,6.502000000000001,CHEMBL2420911.txt
7,-10.0,3.2119999999999997,7.399,CHEMBL2420911.txt
8,-9.8,1.9409999999999998,5.707999999999999,CHEMBL2420911.txt
9,-9.6,2.311,4.83,CHEMBL2420911.txt
1,-4.8,0.0,0.0,CHEMBL2430323.txt
2,-4.8,2.826,3.6460000000000004,CHEMBL2430323.txt
3,-4.7,2.4859999999999998,3.6889999999999996,CHEMBL2430323.txt
4,-4.7,3.1260000000000003,3.823,CHEMBL2430323.txt
5,-4.6,1.4709999999999999,2.293,CHEMBL2430323.txt
6,-4.6,3.795,4.854,CHEMBL2430323.txt
7,-4.6,2.487,3.227,CHEMBL2430323.txt
8,-4.5,2.319,2.8169999999999997,CHEMBL2430323.txt
9,-4.5,3.327,4.768,CHEMBL2430323.txt
1,-9.0,0.0,0.0,CHEMBL247396.txt
2,-8.9,0.11800000000000001,1.5919999999999999,CHEMBL247396.txt
3,-8.7,2.444,5.421,CHEMBL247396.txt
4,-8.5,2.6710000000000003,3.636,CHEMBL247396.txt
5,-8.4,2.639,3.8360000000000003,CHEMBL247396.txt
6,-8.4,2.582,4.16,CHEMBL247396.txt
7,-8.3,2.208,3.1189999999999998,CHEMBL247396.txt
8,-8.2,2.201,2.7510000000000003,CHEMBL247396.txt
9,-8.2,3.181,4.603,CHEMBL247396.txt
1,-8.8,0.0,0.0,CHEMBL247427.txt
2,-8.7,1.126,1.23,CHEMBL247427.txt
3,-8.6,1.9340000000000002,2.3480000000000003,CHEMBL247427.txt
4,-8.6,2.695,3.625,CHEMBL247427.txt
5,-8.6,2.403,5.499,CHEMBL247427.txt
6,-8.4,2.9130000000000003,4.152,CHEMBL247427.txt
7,-8.3,7.0120000000000005,10.485999999999999,CHEMBL247427.txt
8,-8.3,3.2319999999999998,4.45,CHEMBL247427.txt
9,-8.3,2.523,3.685,CHEMBL247427.txt
1,-9.0,0.0,0.0,CHEMBL247426.txt
2,-8.9,5.985,10.447000000000001,CHEMBL247426.txt
3,-8.7,2.222,4.984,CHEMBL247426.txt
4,-8.3,3.9960000000000004,7.156000000000001,CHEMBL247426.txt
5,-8.3,3.468,5.275,CHEMBL247426.txt
6,-8.1,3.4989999999999997,8.464,CHEMBL247426.txt
7,-8.1,2.562,5.135,CHEMBL247426.txt
8,-8.1,4.271,6.865,CHEMBL247426.txt
9,-8.1,4.256,7.672999999999999,CHEMBL247426.txt
1,-9.8,0.0,0.0,CHEMBL245796.txt
2,-9.2,3.904,4.545,CHEMBL245796.txt
3,-9.2,1.767,2.113,CHEMBL245796.txt
4,-9.1,3.56,4.16,CHEMBL245796.txt
5,-9.0,2.084,2.7319999999999998,CHEMBL245796.txt
6,-8.7,5.652,8.987,CHEMBL245796.txt
7,-8.6,5.178,6.621,CHEMBL245796.txt
8,-8.6,4.544,6.006,CHEMBL245796.txt
9,-8.6,2.781,4.144,CHEMBL245796.txt
1,-6.8,0.0,0.0,CHEMBL241447.txt
2,-6.8,20.293,23.06,CHEMBL241447.txt
3,-6.7,35.363,37.827,CHEMBL241447.txt
4,-6.7,13.157,15.495,CHEMBL241447.txt
5,-6.6,35.685,37.594,CHEMBL241447.txt
6,-6.6,22.616,25.464000000000002,CHEMBL241447.txt
7,-6.6,36.149,38.96,CHEMBL241447.txt
8,-6.6,22.326,24.943,CHEMBL241447.txt
9,-6.6,21.928,24.81,CHEMBL241447.txt
1,-8.3,0.0,0.0,CHEMBL249972.txt
2,-8.1,2.633,6.269,CHEMBL249972.txt
3,-7.8,1.147,1.3119999999999998,CHEMBL249972.txt
4,-7.8,1.6380000000000001,1.879,CHEMBL249972.txt
5,-7.8,2.331,5.832999999999999,CHEMBL249972.txt
6,-7.8,2.907,6.256,CHEMBL249972.txt
7,-7.7,2.487,5.332999999999999,CHEMBL249972.txt
8,-7.7,3.03,5.818,CHEMBL249972.txt
9,-7.6,2.0869999999999997,2.9139999999999997,CHEMBL249972.txt
1,-8.8,0.0,0.0,CHEMBL249796.txt
2,-8.7,0.982,1.262,CHEMBL249796.txt
3,-8.4,2.988,4.125,CHEMBL249796.txt
4,-8.3,2.059,3.0210000000000004,CHEMBL249796.txt
5,-8.3,2.7310000000000003,3.577,CHEMBL249796.txt
6,-8.2,2.293,4.026,CHEMBL249796.txt
7,-8.2,2.716,3.5069999999999997,CHEMBL249796.txt
8,-8.2,2.6,3.707,CHEMBL249796.txt
9,-8.2,1.7990000000000002,2.597,CHEMBL249796.txt
1,-8.0,0.0,0.0,CHEMBL247977.txt
2,-7.8,3.668,9.354,CHEMBL247977.txt
3,-7.6,4.9110000000000005,7.792999999999999,CHEMBL247977.txt
4,-7.5,2.214,3.591,CHEMBL247977.txt
5,-7.4,3.888,9.83,CHEMBL247977.txt
6,-7.3,4.946000000000001,7.1979999999999995,CHEMBL247977.txt
7,-7.3,6.416,10.61,CHEMBL247977.txt
8,-7.3,2.296,2.931,CHEMBL247977.txt
9,-7.3,6.111000000000001,11.064,CHEMBL247977.txt
1,-10.3,0.0,0.0,CHEMBL249594.txt
2,-10.2,0.716,1.885,CHEMBL249594.txt
3,-10.2,4.607,9.453,CHEMBL249594.txt
4,-10.1,4.4,9.128,CHEMBL249594.txt
5,-9.9,2.793,12.110999999999999,CHEMBL249594.txt
6,-9.9,3.037,11.991,CHEMBL249594.txt
7,-9.9,5.515,12.112,CHEMBL249594.txt
8,-9.8,2.8080000000000003,12.569,CHEMBL249594.txt
9,-9.7,3.265,4.505,CHEMBL249594.txt
1,-9.6,0.0,0.0,CHEMBL247222.txt
2,-9.6,1.314,1.4969999999999999,CHEMBL247222.txt
3,-9.4,2.1919999999999997,3.3310000000000004,CHEMBL247222.txt
4,-9.2,1.587,1.9869999999999999,CHEMBL247222.txt
5,-9.0,2.747,3.478,CHEMBL247222.txt
6,-8.9,5.303,10.107999999999999,CHEMBL247222.txt
7,-8.9,2.6510000000000002,3.97,CHEMBL247222.txt
8,-8.8,2.947,4.263,CHEMBL247222.txt
9,-8.7,3.0580000000000003,4.3919999999999995,CHEMBL247222.txt
1,-9.4,0.0,0.0,CHEMBL247394.txt
2,-9.2,3.3510000000000004,5.553,CHEMBL247394.txt
3,-9.1,0.9570000000000001,1.329,CHEMBL247394.txt
4,-9.1,3.187,7.282,CHEMBL247394.txt
5,-8.9,1.6219999999999999,1.8559999999999999,CHEMBL247394.txt
6,-8.5,16.867,18.607,CHEMBL247394.txt
7,-8.5,16.872,18.197,CHEMBL247394.txt
8,-8.5,2.634,3.3760000000000003,CHEMBL247394.txt
9,-8.5,2.861,4.006,CHEMBL247394.txt
1,-8.7,0.0,0.0,CHEMBL249971.txt
2,-8.3,2.395,6.367000000000001,CHEMBL249971.txt
3,-8.1,2.3890000000000002,4.88,CHEMBL249971.txt
4,-7.9,2.006,2.521,CHEMBL249971.txt
5,-7.9,2.419,6.093,CHEMBL249971.txt
6,-7.7,2.805,6.093999999999999,CHEMBL249971.txt
7,-7.7,2.406,4.644,CHEMBL249971.txt
8,-7.6,2.668,4.704,CHEMBL249971.txt
9,-7.5,2.6510000000000002,3.688,CHEMBL249971.txt
1,-9.2,0.0,0.0,CHEMBL247237.txt
2,-8.9,1.956,3.23,CHEMBL247237.txt
3,-8.4,1.757,2.303,CHEMBL247237.txt
4,-8.3,2.31,3.2110000000000003,CHEMBL247237.txt
5,-8.2,5.6770000000000005,8.621,CHEMBL247237.txt
6,-8.2,1.199,1.598,CHEMBL247237.txt
7,-8.2,3.3810000000000002,4.603,CHEMBL247237.txt
8,-8.1,7.542000000000001,10.81,CHEMBL247237.txt
9,-8.1,6.821000000000001,10.498,CHEMBL247237.txt
1,-10.7,0.0,0.0,CHEMBL249597.txt
2,-10.3,2.388,11.081,CHEMBL249597.txt
3,-10.2,4.215,5.811,CHEMBL249597.txt
4,-10.2,4.777,6.672999999999999,CHEMBL249597.txt
5,-10.0,1.97,3.4960000000000004,CHEMBL249597.txt
6,-9.9,3.0869999999999997,10.960999999999999,CHEMBL249597.txt
7,-9.9,4.36,6.742000000000001,CHEMBL249597.txt
8,-9.9,2.447,11.695,CHEMBL249597.txt
9,-9.9,2.895,11.100999999999999,CHEMBL249597.txt
1,-8.6,0.0,0.0,CHEMBL249236.txt
2,-8.5,2.224,5.292999999999999,CHEMBL249236.txt
3,-8.4,4.925,7.848,CHEMBL249236.txt
4,-8.3,2.733,5.292999999999999,CHEMBL249236.txt
5,-8.3,3.634,4.997,CHEMBL249236.txt
6,-8.2,3.455,6.51,CHEMBL249236.txt
7,-8.1,2.7560000000000002,5.204,CHEMBL249236.txt
8,-8.0,2.391,3.202,CHEMBL249236.txt
9,-8.0,3.98,4.882,CHEMBL249236.txt
1,-9.3,0.0,0.0,CHEMBL249154.txt
2,-9.0,2.3480000000000003,4.119,CHEMBL249154.txt
3,-8.9,2.329,4.857,CHEMBL249154.txt
4,-8.9,2.9,5.005,CHEMBL249154.txt
5,-8.8,2.21,4.523,CHEMBL249154.txt
6,-8.5,1.405,1.936,CHEMBL249154.txt
7,-8.5,3.295,5.5489999999999995,CHEMBL249154.txt
8,-8.3,3.577,6.3020000000000005,CHEMBL249154.txt
9,-8.3,2.929,4.854,CHEMBL249154.txt
1,-9.8,0.0,0.0,CHEMBL249632.txt
2,-9.8,1.662,2.155,CHEMBL249632.txt
3,-9.7,1.015,1.474,CHEMBL249632.txt
4,-9.3,4.291,11.630999999999998,CHEMBL249632.txt
5,-9.2,3.748,11.533,CHEMBL249632.txt
6,-9.1,4.296,10.78,CHEMBL249632.txt
7,-9.1,1.765,2.31,CHEMBL249632.txt
8,-8.7,2.439,2.966,CHEMBL249632.txt
9,-8.7,4.388,10.467,CHEMBL249632.txt
1,-10.3,0.0,0.0,CHEMBL249418.txt
2,-9.7,3.4760000000000004,9.055,CHEMBL249418.txt
3,-9.7,3.766,10.22,CHEMBL249418.txt
4,-9.1,3.701,9.842,CHEMBL249418.txt
5,-9.1,4.18,10.275,CHEMBL249418.txt
6,-9.1,5.254,10.940999999999999,CHEMBL249418.txt
7,-8.9,2.972,4.2410000000000005,CHEMBL249418.txt
8,-8.9,4.196000000000001,6.985,CHEMBL249418.txt
9,-8.9,5.292999999999999,8.533,CHEMBL249418.txt
1,-6.5,0.0,0.0,CHEMBL249155.txt
2,-6.3,1.075,1.238,CHEMBL249155.txt
3,-6.2,3.696,4.828,CHEMBL249155.txt
4,-6.2,1.66,3.0780000000000003,CHEMBL249155.txt
5,-6.2,2.023,2.407,CHEMBL249155.txt
6,-5.9,15.64,16.397000000000002,CHEMBL249155.txt
7,-5.9,3.7230000000000003,4.9510000000000005,CHEMBL249155.txt
8,-5.9,3.054,4.0169999999999995,CHEMBL249155.txt
9,-5.9,2.395,3.7689999999999997,CHEMBL249155.txt
1,-9.5,0.0,0.0,CHEMBL247193.txt
2,-9.0,3.056,4.316,CHEMBL247193.txt
3,-8.7,1.7,2.736,CHEMBL247193.txt
4,-8.7,2.251,3.89,CHEMBL247193.txt
5,-8.6,1.849,2.967,CHEMBL247193.txt
6,-8.2,2.153,2.7060000000000004,CHEMBL247193.txt
7,-8.2,2.154,2.6180000000000003,CHEMBL247193.txt
8,-8.2,17.665,18.942999999999998,CHEMBL247193.txt
9,-8.1,6.763999999999999,10.370999999999999,CHEMBL247193.txt
1,-9.1,0.0,0.0,CHEMBL247018.txt
2,-8.3,1.746,2.314,CHEMBL247018.txt
3,-8.2,4.537,5.947,CHEMBL247018.txt
4,-8.1,4.665,7.135,CHEMBL247018.txt
5,-8.0,5.502999999999999,7.775,CHEMBL247018.txt
6,-7.9,6.317,8.991,CHEMBL247018.txt
7,-7.8,3.846,6.1160000000000005,CHEMBL247018.txt
8,-7.7,5.335,7.056,CHEMBL247018.txt
9,-7.6,5.644,7.505,CHEMBL247018.txt
1,-8.6,0.0,0.0,CHEMBL249237.txt
2,-8.5,2.622,7.0360000000000005,CHEMBL249237.txt
3,-8.5,4.238,6.039,CHEMBL249237.txt
4,-8.4,2.667,3.697,CHEMBL249237.txt
5,-8.2,3.772,8.107000000000001,CHEMBL249237.txt
6,-8.2,3.426,5.152,CHEMBL249237.txt
7,-8.2,4.3260000000000005,6.542000000000001,CHEMBL249237.txt
8,-8.1,4.512,6.716,CHEMBL249237.txt
9,-8.1,4.324,6.821000000000001,CHEMBL249237.txt
1,-8.1,0.0,0.0,CHEMBL248667.txt
2,-8.0,1.587,2.154,CHEMBL248667.txt
3,-7.7,6.0329999999999995,9.941,CHEMBL248667.txt
4,-7.7,5.394,10.365,CHEMBL248667.txt
5,-7.7,2.9389999999999996,4.8919999999999995,CHEMBL248667.txt
6,-7.5,6.0760000000000005,9.738999999999999,CHEMBL248667.txt
7,-7.5,25.291999999999998,28.476,CHEMBL248667.txt
8,-7.4,2.648,4.3,CHEMBL248667.txt
9,-7.3,5.564,10.338,CHEMBL248667.txt
1,-11.6,0.0,0.0,CHEMBL246845.txt
2,-11.5,2.079,3.978,CHEMBL246845.txt
3,-11.5,1.774,3.772,CHEMBL246845.txt
4,-11.4,3.5839999999999996,4.706,CHEMBL246845.txt
5,-11.4,2.641,4.228,CHEMBL246845.txt
6,-11.3,1.249,1.724,CHEMBL246845.txt
7,-11.2,3.2680000000000002,5.265,CHEMBL246845.txt
8,-11.1,4.704,7.699,CHEMBL246845.txt
9,-11.1,3.045,5.456,CHEMBL246845.txt
1,-7.8,0.0,0.0,CHEMBL248665.txt
2,-7.5,3.596,5.194,CHEMBL248665.txt
3,-7.3,20.253,21.978,CHEMBL248665.txt
4,-7.2,25.572,28.404,CHEMBL248665.txt
5,-7.2,2.9130000000000003,6.694,CHEMBL248665.txt
6,-7.2,3.7769999999999997,5.397,CHEMBL248665.txt
7,-7.1,6.191,9.536,CHEMBL248665.txt
8,-7.0,6.104,8.937999999999999,CHEMBL248665.txt
9,-6.9,6.707999999999999,10.582,CHEMBL248665.txt
1,-8.0,0.0,0.0,CHEMBL242412.txt
2,-8.0,2.535,4.706,CHEMBL242412.txt
3,-8.0,2.813,4.618,CHEMBL242412.txt
4,-7.9,1.57,2.023,CHEMBL242412.txt
5,-7.9,1.8330000000000002,2.7260000000000004,CHEMBL242412.txt
6,-7.9,2.085,3.182,CHEMBL242412.txt
7,-7.8,2.862,4.586,CHEMBL242412.txt
8,-7.8,2.6039999999999996,4.686,CHEMBL242412.txt
9,-7.8,16.74,18.842,CHEMBL242412.txt
1,-11.6,0.0,0.0,CHEMBL245802.txt
2,-11.6,1.486,2.041,CHEMBL245802.txt
3,-11.3,3.4419999999999997,5.553,CHEMBL245802.txt
4,-11.3,1.624,2.173,CHEMBL245802.txt
5,-11.3,1.825,2.306,CHEMBL245802.txt
6,-11.2,2.44,4.037,CHEMBL245802.txt
7,-11.1,2.739,4.555,CHEMBL245802.txt
8,-11.0,2.6289999999999996,3.5060000000000002,CHEMBL245802.txt
9,-10.9,2.9130000000000003,4.6080000000000005,CHEMBL245802.txt
1,-9.1,0.0,0.0,CHEMBL247026.txt
2,-9.1,0.151,1.587,CHEMBL247026.txt
3,-8.9,1.4880000000000002,2.345,CHEMBL247026.txt
4,-8.9,3.424,5.779,CHEMBL247026.txt
5,-8.7,2.6839999999999997,3.6689999999999996,CHEMBL247026.txt
6,-8.7,2.6910000000000003,3.943,CHEMBL247026.txt
7,-8.7,7.888999999999999,10.789000000000001,CHEMBL247026.txt
8,-8.6,6.237,8.673,CHEMBL247026.txt
9,-8.6,6.21,8.711,CHEMBL247026.txt
1,-8.9,0.0,0.0,CHEMBL243491.txt
2,-8.5,2.5180000000000002,5.641,CHEMBL243491.txt
3,-8.5,1.3769999999999998,2.273,CHEMBL243491.txt
4,-8.4,0.634,1.227,CHEMBL243491.txt
5,-8.3,2.589,8.0,CHEMBL243491.txt
6,-8.1,2.9,6.8260000000000005,CHEMBL243491.txt
7,-8.1,2.855,6.647,CHEMBL243491.txt
8,-8.0,2.7110000000000003,8.557,CHEMBL243491.txt
9,-7.9,2.157,5.905,CHEMBL243491.txt
1,-10.2,0.0,0.0,CHEMBL245209.txt
2,-9.2,3.093,8.843,CHEMBL245209.txt
3,-9.1,2.261,4.933,CHEMBL245209.txt
4,-8.6,17.778,21.022,CHEMBL245209.txt
5,-8.5,2.6310000000000002,5.2170000000000005,CHEMBL245209.txt
6,-8.5,1.695,2.622,CHEMBL245209.txt
7,-8.4,15.540999999999999,19.265,CHEMBL245209.txt
8,-8.3,2.668,5.781000000000001,CHEMBL245209.txt
9,-7.9,17.627,21.155,CHEMBL245209.txt
1,-6.9,0.0,0.0,CHEMBL249156.txt
2,-6.8,3.398,5.08,CHEMBL249156.txt
3,-6.7,1.734,2.431,CHEMBL249156.txt
4,-6.6,3.193,4.46,CHEMBL249156.txt
5,-6.6,2.311,3.485,CHEMBL249156.txt
6,-6.6,1.218,2.438,CHEMBL249156.txt
7,-6.5,3.125,4.404,CHEMBL249156.txt
8,-6.4,1.575,2.741,CHEMBL249156.txt
9,-6.3,24.13,25.378,CHEMBL249156.txt
1,-9.1,0.0,0.0,CHEMBL243490.txt
2,-8.9,1.6880000000000002,2.734,CHEMBL243490.txt
3,-8.5,1.4180000000000001,2.286,CHEMBL243490.txt
4,-8.3,2.997,7.1,CHEMBL243490.txt
5,-8.2,2.509,7.672000000000001,CHEMBL243490.txt
6,-8.2,2.7110000000000003,5.518,CHEMBL243490.txt
7,-8.1,2.963,7.9879999999999995,CHEMBL243490.txt
8,-8.1,2.7039999999999997,6.541,CHEMBL243490.txt
9,-8.1,3.41,6.438,CHEMBL243490.txt
1,-9.9,0.0,0.0,CHEMBL247027.txt
2,-9.1,4.35,5.059,CHEMBL247027.txt
3,-8.8,2.8560000000000003,5.19,CHEMBL247027.txt
4,-8.8,5.64,10.033,CHEMBL247027.txt
5,-8.7,6.602,11.148,CHEMBL247027.txt
6,-8.7,5.582000000000001,10.385,CHEMBL247027.txt
7,-8.6,4.666,6.805,CHEMBL247027.txt
8,-8.6,4.324,7.515,CHEMBL247027.txt
9,-8.6,4.331,7.31,CHEMBL247027.txt
